Rk;Player;Pos;Age;Tm;G;GS;MP;FG;FGA;FG%;3P;3PA;3P%;2P;2PA;2P%;eFG%;FT;FTA;FT%;ORB;DRB;TRB;AST;STL;BLK;TOV;PF;PTS
1;Precious Achiuwa;C;22;TOR;48;23;23.1;3.1;7.3;0.423;0.4;1.2;0.305;2.7;6.1;0.447;0.449;0.9;1.6;0.579;2.2;4.7;6.9;1.1;0.5;0.6;1;2;7.5
2;Steven Adams;C;28;MEM;56;55;26.1;2.8;5;0.546;0;0;0;2.8;5;0.546;0.546;1.5;2.7;0.556;4.5;5.1;9.6;3.2;0.9;0.7;1.6;1.9;7
3;Bam Adebayo;C;24;MIA;33;33;33;7.2;13.6;0.527;0;0.1;0;7.2;13.5;0.53;0.527;4.4;5.8;0.764;2.8;7.4;10.2;3.5;1.5;0.6;2.9;3.2;18.7
4;Santi Aldama;PF;21;MEM;27;0;10.3;1.4;3.6;0.381;0.1;1.4;0.103;1.2;2.1;0.569;0.402;0.4;0.7;0.6;0.9;1.5;2.4;0.5;0.1;0.3;0.3;1;3.3
5;LaMarcus Aldridge;C;36;BRK;38;11;22.8;5.8;10.5;0.558;0.3;1;0.308;5.5;9.4;0.585;0.573;1.7;2;0.844;1.6;4.2;5.8;0.8;0.3;1.1;1;1.7;13.7
6;Nickeil Alexander-Walker;SG;23;TOT;52;19;25.4;4.6;12.2;0.374;1.8;5.9;0.31;2.7;6.3;0.434;0.449;1.3;1.9;0.722;0.7;2.5;3.2;2.7;0.8;0.4;1.6;1.7;12.3
6;Nickeil Alexander-Walker;SG;23;NOP;50;19;26.3;4.7;12.6;0.375;1.9;6.1;0.311;2.8;6.5;0.434;0.45;1.4;1.9;0.722;0.7;2.6;3.3;2.8;0.8;0.4;1.7;1.8;12.8
6;Nickeil Alexander-Walker;SG;23;UTA;2;0;2.5;0;0.5;0;0;0.5;0;0;0;0;0;0;0;0;0;0.5;0.5;0;0;0;0;0;0
7;Grayson Allen;SG;26;MIL;49;48;28;4;9.4;0.425;2.5;6.4;0.392;1.5;3;0.497;0.56;1;1.1;0.857;0.5;2.9;3.4;1.5;0.8;0.3;0.6;1.4;11.5
8;Jarrett Allen;C;23;CLE;50;50;32.6;6.6;9.9;0.666;0;0.2;0.1;6.6;9.7;0.678;0.667;3;4.3;0.702;3.6;7.4;11;1.8;0.7;1.3;1.8;1.8;16.2
9;Jose Alvarado;PG;23;NOP;31;1;12.8;1.9;4.5;0.426;0.6;1.8;0.316;1.4;2.7;0.5;0.489;0.6;0.9;0.741;0.3;1.2;1.5;2;1;0.2;0.5;1.3;5.1
10;Justin Anderson;SF;28;TOT;6;0;12.8;1;3.2;0.316;0.5;2.5;0.2;0.5;0.7;0.75;0.395;1;1.2;0.857;0.3;1.3;1.7;1.5;0.3;0.2;0.5;1.5;3.5
10;Justin Anderson;SF;28;CLE;3;0;15.7;1.3;2.7;0.5;0.7;2;0.333;0.7;0.7;1;0.625;1;1.3;0.75;0;2;2;2;0.3;0;0.7;1.3;4.3
10;Justin Anderson;SF;28;IND;3;0;10;0.7;3.7;0.182;0.3;3;0.111;0.3;0.7;0.5;0.227;1;1;1;0.7;0.7;1.3;1;0.3;0.3;0.3;1.7;2.7
11;Kyle Anderson;PF;28;MEM;47;8;21.7;3;7;0.431;0.6;1.7;0.333;2.4;5.3;0.462;0.471;1;1.6;0.636;0.9;4.3;5.2;2.7;1.1;0.6;1;1.5;7.6
12;Giannis Antetokounmpo;PF;27;MIL;48;48;32.6;10.1;18.4;0.547;1.2;3.8;0.304;8.9;14.6;0.611;0.579;8.1;11.3;0.72;1.9;9.4;11.3;6;0.9;1.4;3.3;3.2;29.4
13;Thanasis Antetokounmpo;SF;29;MIL;36;5;9.9;1.1;2.4;0.477;0;0.3;0.091;1.1;2.1;0.533;0.483;0.4;0.7;0.625;0.9;1.3;2.2;0.5;0.4;0.3;0.6;1.6;2.7
14;Carmelo Anthony;PF;37;LAL;50;3;26.5;4.6;10.5;0.437;2.3;5.9;0.392;2.3;4.6;0.496;0.548;2;2.4;0.824;0.8;3.3;4.2;1;0.7;0.8;0.9;2.2;13.4
15;Cole Anthony;PG;21;ORL;46;46;33;6;15.2;0.398;2.2;6.5;0.337;3.9;8.7;0.443;0.469;3.5;4;0.855;0.6;5.2;5.8;5.9;0.8;0.3;2.9;2.7;17.7
16;OG Anunoby;SF;24;TOR;42;42;36.7;6.6;15.1;0.436;2.4;6.8;0.351;4.2;8.3;0.506;0.515;1.9;2.5;0.748;1.6;3.9;5.5;2.6;1.5;0.6;1.8;3;17.5
17;Trevor Ariza;SF;36;LAL;20;8;19.3;1.3;3.7;0.351;1;3.1;0.328;0.3;0.7;0.462;0.486;0.4;0.7;0.5;0.3;3.1;3.4;1.2;0.5;0.2;0.5;0.9;4
18;D.J. Augustin;PG;34;HOU;34;2;15;1.6;4;0.404;1.1;2.8;0.406;0.5;1.2;0.4;0.548;1;1.1;0.868;0.2;1;1.2;2.2;0.3;0;1.3;0.5;5.4
19;Deni Avdija;SF;21;WAS;57;6;23.3;2.8;6.4;0.442;0.9;2.9;0.307;1.9;3.5;0.553;0.511;1.1;1.5;0.756;0.6;4.4;5;1.6;0.8;0.6;0.9;2.3;7.6
20;Joel Ayayi;SG;21;WAS;7;0;2.9;0.1;0.9;0.167;0;0.1;0;0.1;0.7;0.2;0.167;0;0;0;0.1;0.3;0.4;0.6;0;0;0;0;0.3
21;Deandre Ayton;C;23;PHO;37;37;29.1;7.2;11.4;0.633;0.1;0.2;0.222;7.1;11.1;0.642;0.636;2;2.8;0.728;2.6;7.6;10.3;1.4;0.8;0.8;1.6;2.2;16.5
22;Udoka Azubuike;C;22;UTA;15;6;11.9;2.2;2.9;0.75;0;0;0;2.2;2.9;0.75;0.75;0.4;0.7;0.545;1;3.1;4.1;0;0.1;0.7;0.8;1.5;4.8
23;Marvin Bagley III;PF;22;TOT;32;17;21.9;3.8;8.2;0.46;0.5;2;0.238;3.3;6.3;0.53;0.489;1.2;1.7;0.685;2.3;4.9;7.2;0.6;0.3;0.3;0.7;1.6;9.2
23;Marvin Bagley III;PF;22;SAC;30;17;21.9;3.8;8.2;0.463;0.5;2.1;0.242;3.3;6.1;0.538;0.494;1.2;1.6;0.745;2.2;4.9;7.2;0.6;0.3;0.4;0.7;1.7;9.3
23;Marvin Bagley III;PF;22;DET;2;0;22;3.5;8.5;0.412;0;0.5;0;3.5;8;0.438;0.412;1;3.5;0.286;2.5;4.5;7;0.5;0;0;0.5;0.5;8
24;LaMelo Ball;PG;20;CHO;52;52;32.6;7.2;16.9;0.425;2.7;7.3;0.373;4.5;9.7;0.464;0.505;3.1;3.6;0.859;1.6;5.4;7;7.4;1.6;0.4;3.1;3.2;20.2
25;Lonzo Ball;PG;24;CHI;35;35;34.6;4.6;10.9;0.423;3.1;7.4;0.423;1.5;3.5;0.423;0.567;0.6;0.8;0.75;1;4.4;5.4;5.1;1.8;0.9;2.3;2.4;13
26;Mo Bamba;C;23;ORL;49;47;26;3.9;8.4;0.468;1.3;3.7;0.344;2.7;4.7;0.565;0.544;0.8;1;0.8;2.1;5.8;7.9;1.3;0.6;1.8;1.2;2.5;10
27;Desmond Bane;SF;23;MEM;56;56;30.2;6.6;14.4;0.46;2.9;6.9;0.419;3.7;7.4;0.499;0.561;1.8;1.9;0.907;0.6;3.9;4.5;2.5;1.2;0.4;1.6;2.6;17.9
28;Dalano Banton;SF;22;TOR;47;1;11.8;1.5;3.6;0.413;0.2;0.9;0.256;1.2;2.6;0.468;0.446;0.4;0.7;0.618;0.7;1.6;2.2;1.6;0.5;0.2;1;1.2;3.6
29;Cat Barber;PG;27;ATL;3;0;4.3;0;1.3;0;0;0;0;0;1.3;0;0;0;1.3;0;0.3;0.7;1;1;0;0;0.3;0.3;0
30;Harrison Barnes;PF;29;SAC;55;55;33.7;5.2;11.1;0.466;2;4.8;0.409;3.2;6.3;0.51;0.555;4.7;5.6;0.828;1.1;5;6.1;2.5;0.7;0.2;1.6;1.3;17
31;Scottie Barnes;PF;20;TOR;49;49;35.4;5.7;12.1;0.47;0.8;2.7;0.313;4.9;9.4;0.514;0.504;2.2;3;0.733;2.4;5;7.4;3.3;1;0.8;1.8;2.7;14.4
32;RJ Barrett;SF;21;NYK;48;48;33.1;6.4;15.5;0.412;2;5.6;0.354;4.4;9.8;0.445;0.476;3.2;4.6;0.695;0.9;4.8;5.7;2.6;0.5;0.3;2;2;18
33;Will Barton;SG;31;DEN;51;51;32.3;5.8;13;0.444;2.2;6;0.37;3.5;7;0.508;0.53;1.4;1.7;0.784;0.6;4.3;5;3.9;0.8;0.5;1.9;1.5;15.2
34;Paris Bass;SF;26;PHO;2;0;3.5;1;3;0.333;0;1;0;1;2;0.5;0.333;1;1;1;1;1;2;0;0.5;0;1;1;3
35;Charles Bassey;PF;21;PHI;23;0;7.3;1.3;2;0.638;0;0.2;0;1.3;1.9;0.698;0.638;0.4;0.5;0.75;1;1.7;2.7;0.3;0.2;0.7;0.3;1.4;3
36;Keita Bates-Diop;SF;26;SAS;45;12;16.3;2.2;4.3;0.503;0.3;0.9;0.333;1.8;3.4;0.55;0.539;0.7;1;0.705;1;2.9;3.9;0.6;0.5;0.3;0.7;1;5.3
37;Nicolas Batum;PF;33;LAC;39;34;24.9;3.3;6.7;0.489;2;4.8;0.415;1.3;1.9;0.676;0.637;0.4;0.6;0.667;0.5;4;4.5;1.5;1;0.7;0.7;1.4;9
38;Kent Bazemore;SF;32;LAL;32;14;14.4;1.3;3.8;0.331;0.8;2.1;0.358;0.5;1.7;0.296;0.43;0.4;0.5;0.765;0.3;1.4;1.7;0.9;0.7;0.2;0.3;1.8;3.7
39;Darius Bazley;PF;21;OKC;53;37;27.3;3.6;9;0.4;1;3.5;0.294;2.6;5.5;0.467;0.457;1.6;2.3;0.697;1.1;5.4;6.6;1.3;0.8;1.1;1.3;1;9.8
40;Bradley Beal;SG;28;WAS;40;40;36;8.7;19.3;0.451;1.6;5.3;0.3;7.1;14;0.508;0.492;4.2;5.1;0.833;1;3.8;4.7;6.6;0.9;0.4;3.4;2.4;23.2
41;Malik Beasley;SG;25;MIN;59;10;25.3;4.3;11.4;0.375;2.9;8.2;0.353;1.4;3.2;0.431;0.501;0.5;0.7;0.762;0.4;2.6;3;1.5;0.5;0.2;0.6;1.2;11.9
42;Jordan Bell;C;27;CHI;1;0;2;0;0;0;0;0;0;0;0;0;0;0;0;0;1;0;1;0;1;0;0;2;0
43;DeAndre' Bembry;SF;27;BRK;48;20;19.8;2.5;4.4;0.568;0.3;0.8;0.417;2.2;3.7;0.599;0.603;0.4;0.7;0.6;0.8;2.4;3.2;1.3;1;0.5;0.6;2.2;5.8
44;D?vis Bert?ns;PF;29;TOT;35;0;14.7;1.8;5.1;0.358;1.4;4.3;0.325;0.4;0.8;0.536;0.494;0.8;0.9;0.935;0.2;1.6;1.8;0.5;0.3;0.2;0.4;1.6;5.9
44;D?vis Bert?ns;PF;29;WAS;34;0;14.7;1.8;5;0.351;1.4;4.2;0.319;0.4;0.8;0.519;0.485;0.8;0.9;0.933;0.2;1.6;1.8;0.5;0.3;0.2;0.4;1.6;5.7
44;D?vis Bert?ns;PF;29;DAL;1;0;13;4;8;0.5;3;7;0.429;1;1;1;0.688;1;1;1;1;2;3;1;0;0;0;2;12
45;Patrick Beverley;PG;33;MIN;40;36;26.4;3.2;7.8;0.41;1.4;4.2;0.333;1.8;3.6;0.5;0.5;1.5;2.1;0.707;1.1;3.3;4.4;4.9;1.2;1;1.3;3.1;9.2
46;Saddiq Bey;SF;22;DET;58;58;33.6;5.5;14.1;0.388;2.6;7.4;0.346;2.9;6.7;0.435;0.479;2.4;2.9;0.83;1.4;4.4;5.8;2.8;0.9;0.2;1.3;1.6;15.9
47;Khem Birch;C;29;TOR;31;8;18.7;1.9;3.8;0.508;0;0.3;0;1.9;3.5;0.545;0.508;1.1;1.5;0.761;2.4;2.2;4.5;1.1;0.8;0.5;0.5;1.7;5
48;Goga Bitadze;C;22;IND;35;8;11.8;1.9;4.1;0.448;0.2;1.3;0.17;1.6;2.8;0.582;0.476;1;1.6;0.607;1.4;1.5;2.9;0.8;0.4;0.7;0.8;1.8;4.9
49;Bismack Biyombo;C;29;PHO;17;3;18.1;3.5;5.6;0.615;0;0;0;3.5;5.6;0.615;0.615;1.6;3;0.529;2.7;3.6;6.4;0.8;0.5;0.8;0.8;2.3;8.5
50;Nemanja Bjelica;C;33;GSW;53;0;15.3;2.3;5;0.453;0.8;2.3;0.339;1.5;2.7;0.549;0.53;0.8;1.2;0.682;0.8;3.1;3.9;1.9;0.6;0.3;1.1;1.7;6.2
51;Eric Bledsoe;PG;32;LAC;54;29;25.2;3.6;8.7;0.421;0.9;3;0.313;2.7;5.6;0.479;0.475;1.6;2.2;0.761;0.5;2.9;3.4;4.2;1.3;0.4;2.1;1.6;9.9
52;Keljin Blevins;SF;26;POR;12;0;6.1;0.8;1.9;0.391;0.5;1.2;0.429;0.3;0.8;0.333;0.522;0;0.2;0;0.2;0.5;0.7;0.3;0;0;0.5;0.4;2
53;Bogdan Bogdanovi?;SG;29;ATL;40;26;28.7;4.9;11.2;0.433;2.5;6.6;0.375;2.4;4.6;0.516;0.544;1.1;1.4;0.815;0.3;3.5;3.9;3;1;0.2;1.1;2.1;13.3
54;Bojan Bogdanovi?;PF;32;UTA;56;56;31;6.1;13.4;0.455;2.4;6.4;0.38;3.6;6.9;0.525;0.546;3.2;3.7;0.87;0.8;3.5;4.4;1.7;0.5;0;1.7;1.7;17.8
55;Bol Bol;PF;22;DEN;14;0;5.8;1.1;1.9;0.556;0.1;0.3;0.25;1;1.6;0.609;0.574;0.1;0.4;0.4;0.3;1.1;1.4;0.4;0.1;0.1;0.3;0.3;2.4
56;Leandro Bolmaro;SF;21;MIN;25;2;7.5;0.4;1.3;0.281;0.1;0.5;0.167;0.3;0.8;0.35;0.313;0.3;0.4;0.889;0.6;0.8;1.4;0.4;0.2;0;0.5;0.8;1.1
57;Isaac Bonga;SF;22;TOR;13;0;5.1;0.2;1;0.231;0.1;0.3;0.25;0.2;0.7;0.222;0.269;0.3;0.5;0.667;0.3;0.2;0.5;0.2;0.5;0.2;0.2;0.8;0.8
58;Devin Booker;SG;25;PHO;51;51;34.1;9.3;20.8;0.446;2.6;7.1;0.369;6.6;13.7;0.486;0.509;4.3;5;0.863;0.8;4.4;5.2;4.5;1;0.4;2.4;2.5;25.5
59;Brandon Boston Jr.;SG;20;LAC;40;0;15.3;2.4;6.5;0.371;0.7;2.3;0.304;1.7;4.2;0.407;0.425;1.2;1.4;0.855;0.3;2;2.3;0.9;0.5;0.3;0.7;0.9;6.7
60;Chris Boucher;PF;29;TOR;55;8;20.2;3.2;6.9;0.462;0.8;2.7;0.284;2.4;4.2;0.576;0.517;2;2.6;0.771;2.1;3.8;5.9;0.3;0.7;1;0.6;2.2;9.1
61;James Bouknight;SG;21;CHO;27;0;10.7;1.8;5;0.353;0.6;1.8;0.347;1.1;3.2;0.356;0.415;1;1.1;0.871;0.8;1;1.7;0.8;0.2;0;0.4;1;5.2
62;Avery Bradley;SG;31;LAL;49;42;23.8;2.5;6.1;0.411;1.4;3.6;0.381;1.1;2.5;0.455;0.523;0.2;0.3;0.857;0.6;1.8;2.3;0.8;0.9;0.2;0.7;1.9;6.6
63;Tony Bradley;C;24;CHI;45;7;11.1;1.4;2.4;0.579;0;0;0;1.4;2.4;0.579;0.579;0.3;0.5;0.667;1.3;2.4;3.7;0.5;0.2;0.7;0.6;1.2;3.1
64;Ignas Brazdeikis;SF;23;ORL;28;0;9;1;2.8;0.359;0.4;1.3;0.314;0.6;1.5;0.395;0.429;0.4;0.5;0.8;0.4;0.9;1.3;0.8;0.3;0;0.3;0.9;2.8
65;Mikal Bridges;SF;25;PHO;58;58;34.8;5.3;10;0.53;1.4;3.8;0.365;3.9;6.2;0.63;0.599;1.4;1.6;0.84;1;3.3;4.3;2.1;1.2;0.4;0.8;1.9;13.4
66;Miles Bridges;PF;23;CHO;57;57;36;7.4;15.4;0.481;1.8;5.9;0.308;5.6;9.5;0.588;0.54;3.3;4.1;0.796;1.2;6;7.1;3.6;1.1;0.9;1.9;2.6;19.9
67;Oshae Brissett;SF;23;IND;47;5;20.3;2.5;6.1;0.408;0.9;2.8;0.333;1.6;3.3;0.471;0.484;1.3;2;0.634;1.5;3.2;4.7;0.8;0.6;0.4;0.8;1.4;7.2
68;Malcolm Brogdon;PG;29;IND;28;28;33.4;6.6;14.7;0.448;1.6;5.4;0.307;4.9;9.3;0.529;0.504;3.8;4.4;0.861;0.9;4.3;5.1;5.9;0.9;0.4;2.2;2;18.5
69;Armoni Brooks;SG;23;HOU;41;8;16.8;2.1;6.1;0.347;1.6;5.2;0.3;0.6;0.9;0.605;0.474;0.4;0.5;0.842;0.3;1.7;2;1.2;0.5;0.2;0.6;1.5;6.2
70;Dillon Brooks;SF;26;MEM;21;20;28;6.9;16.2;0.426;1.6;4.8;0.327;5.3;11.4;0.469;0.475;3;3.4;0.889;0.8;2.5;3.3;2.7;1.3;0.2;1.8;3.3;18.4
71;Bruce Brown;SF;25;BRK;49;22;21;2.7;5.4;0.492;0.3;0.8;0.325;2.4;4.6;0.522;0.517;0.8;1.1;0.731;1.2;3.1;4.3;1.3;1;0.6;0.7;2.3;6.4
72;Charlie Brown Jr.;SG;24;TOT;19;2;9.1;0.5;2.1;0.256;0.1;0.6;0.083;0.5;1.4;0.333;0.269;0.5;0.5;0.9;0.7;0.9;1.7;0.3;0.5;0.2;0.3;0.9;1.6
72;Charlie Brown Jr.;SG;24;DAL;3;0;5;0.3;1.7;0.2;0;1;0;0.3;0.7;0.5;0.2;0;0;0;0;0.3;0.3;0.3;0.7;0.3;0;0.7;0.7
72;Charlie Brown Jr.;SG;24;PHI;16;2;9.8;0.6;2.1;0.265;0.1;0.6;0.111;0.5;1.6;0.32;0.279;0.6;0.6;0.9;0.9;1.1;1.9;0.3;0.5;0.2;0.3;1;1.8
73;Chaundee Brown Jr.;SG-SF;23;TOT;5;2;20.8;2;6.4;0.313;1.2;3.6;0.333;0.8;2.8;0.286;0.406;1;1.2;0.833;0.2;3;3.2;0.8;0.4;0;0.2;1.4;6.2
73;Chaundee Brown Jr.;SF;23;LAL;2;0;10.5;0.5;3.5;0.143;0;1.5;0;0.5;2;0.25;0.143;0;0;0;0;1;1;0;0;0;0.5;0;1
73;Chaundee Brown Jr.;SG;23;ATL;3;2;27.7;3;8.3;0.36;2;5;0.4;1;3.3;0.3;0.48;1.7;2;0.833;0.3;4.3;4.7;1.3;0.7;0;0;2.3;9.7
74;Greg Brown III;SF;20;POR;28;0;7.9;1.3;2.9;0.432;0.1;0.8;0.19;1.1;2.1;0.517;0.457;0.7;1.1;0.633;0.7;1.3;2;0.3;0.3;0.4;0.4;1.1;3.3
75;Jaylen Brown;SF;25;BOS;46;46;34.3;8.7;18.8;0.46;2.7;7.5;0.353;6;11.3;0.532;0.531;3.8;4.9;0.773;0.8;5.7;6.5;3.3;1.1;0.3;2.9;2.5;23.7
76;Moses Brown;C;22;DAL;26;1;6.5;1;1.9;0.54;0;0;0;1;1.9;0.54;0.54;1;1.7;0.628;0.6;1.7;2.3;0;0.1;0.3;0.5;1.1;3.1
77;Sterling Brown;SG;26;DAL;37;3;14;1.4;3.5;0.398;0.7;2.1;0.342;0.6;1.3;0.49;0.504;0.3;0.3;0.909;0.6;2.8;3.4;0.8;0.3;0.1;0.6;1.2;3.8
78;Troy Brown Jr.;SF;22;CHI;48;6;18.1;1.8;4.4;0.4;0.7;2.1;0.33;1;2.2;0.467;0.481;0.4;0.5;0.76;0.7;2.8;3.5;1.1;0.6;0.1;0.5;1.1;4.6
79;Jalen Brunson;PG;25;DAL;57;39;32;6.4;12.9;0.501;1.1;3.1;0.364;5.3;9.8;0.544;0.544;2.1;2.6;0.808;0.6;3.3;3.9;5.4;0.9;0.1;1.7;1.9;16.1
80;Thomas Bryant;C;24;WAS;15;8;17.5;3;6.1;0.495;0.6;1.9;0.321;2.4;4.2;0.571;0.544;1.2;1.5;0.818;1.4;2.5;3.9;0.9;0.4;0.5;0.6;1.8;7.8
81;Shaq Buchanan;PG;25;MEM;2;0;5;0.5;2;0.25;0;1;0;0.5;1;0.5;0.25;0;0;0;0.5;0.5;1;1;0.5;0;1;0.5;1
82;Reggie Bullock;SF;30;DAL;49;18;25.3;2.8;6.8;0.415;1.9;5.2;0.363;0.9;1.6;0.582;0.554;0.6;0.7;0.857;0.4;3;3.4;1;0.5;0.1;0.5;1.4;8.2
83;Trey Burke;PG;29;DAL;32;0;10.8;2.2;5.3;0.415;0.7;2.2;0.333;1.5;3.2;0.471;0.482;0.5;0.5;0.941;0.1;0.8;0.9;1.4;0.3;0;0.7;1;5.7
84;Alec Burks;SG;30;NYK;58;21;26.6;3.3;8.6;0.379;1.7;4.4;0.385;1.6;4.2;0.372;0.478;2.7;3.3;0.822;0.6;3.8;4.4;2.7;1.1;0.3;1;2.4;10.9
85;Jared Butler;SG;21;UTA;28;1;7.6;1.3;3.1;0.409;0.6;1.7;0.362;0.7;1.5;0.463;0.506;0.3;0.4;0.583;0.1;0.7;0.8;1.2;0.3;0.3;0.8;1;3.4
86;Jimmy Butler;SF;32;MIA;39;39;33.9;7.2;14.7;0.49;0.4;1.8;0.2;6.8;12.9;0.53;0.502;7.2;8;0.894;1.9;4.4;6.3;5.9;1.8;0.4;2.1;1.5;21.9
87;Devontae Cacok;PF;25;SAS;10;0;8;1.6;2.3;0.696;0;0;0;1.6;2.3;0.696;0.696;0.4;0.7;0.571;0.5;2.5;3;0.2;0.5;0.7;0.2;1.1;3.6
88;Kentavious Caldwell-Pope;SG;28;WAS;54;54;29.5;4.2;10.2;0.409;2;5.2;0.381;2.2;5;0.439;0.506;1.3;1.5;0.899;0.5;2.9;3.4;1.7;1.1;0.4;1.2;1.7;11.7
89;Facundo Campazzo;PG;30;DEN;54;4;20.3;1.9;5.1;0.378;1.1;3.3;0.32;0.9;1.8;0.485;0.482;1.1;1.3;0.806;0.4;1.6;1.9;3.7;1.1;0.4;1.2;2.1;6
90;Vlatko ?an?ar;PF;24;DEN;14;1;10.9;1.6;2.8;0.564;0.5;0.9;0.583;1.1;1.9;0.556;0.654;0.6;0.9;0.75;0.4;1.2;1.6;0.9;0.1;0.2;0.6;0.9;4.3
91;Clint Capela;C;27;ATL;50;49;28;4.8;8.2;0.586;0;0;0;4.8;8.1;0.587;0.586;1.1;2.4;0.467;3.7;8.3;12.1;1.4;0.7;1.4;0.6;2.2;10.7
92;Vernon Carey Jr.;C;20;TOT;5;1;3.6;0.6;1.2;0.5;0;0;0;0.6;1.2;0.5;0.5;0.4;0.6;0.667;0.6;0.4;1;0;0.2;0;0.2;0.2;1.6
92;Vernon Carey Jr.;C;20;CHO;4;1;4.3;0.8;1.5;0.5;0;0;0;0.8;1.5;0.5;0.5;0.5;0.8;0.667;0.8;0.5;1.3;0;0.3;0;0.3;0.3;2
92;Vernon Carey Jr.;C;20;WAS;1;0;1;0;0;0;0;0;0;0;0;0;0;0;0;0;0;0;0;0;0;0;0;0;0
93;Jevon Carter;PG;26;BRK;45;1;11.8;1.2;3.6;0.325;0.9;2.6;0.331;0.3;1;0.311;0.445;0.1;0.2;0.75;0.2;1.2;1.4;1;0.3;0.2;0.5;1;3.4
94;Wendell Carter Jr.;C;22;ORL;51;50;29.4;5.4;10.6;0.507;1.2;3.6;0.321;4.2;7;0.604;0.562;2.1;3;0.706;2.1;8.1;10.2;2.7;0.6;0.7;1.7;2.6;14
95;Alex Caruso;SG;27;CHI;28;9;27.7;2.8;6.5;0.429;1.1;3.1;0.345;1.7;3.4;0.505;0.511;1.7;2.1;0.814;0.9;3;3.9;3.9;1.9;0.4;1.4;2.4;8.4
96;Willie Cauley-Stein;C;28;DAL;18;2;9.8;0.9;1.9;0.457;0.1;0.1;0.5;0.8;1.8;0.455;0.471;0.1;0.1;0.5;0.7;1.4;2.1;0.5;0.3;0.2;0.4;0.9;1.9
97;Ahmad Caver;PG;25;IND;1;0;1;1;1;1;0;0;0;1;1;1;1;0;0;0;0;0;0;0;0;0;0;0;2
98;Justin Champagnie;SF;20;TOR;31;0;8.2;0.9;1.9;0.483;0.3;0.7;0.409;0.6;1.2;0.526;0.558;0.3;0.3;1;1.2;0.9;2.1;0.3;0.2;0.1;0.2;1;2.5
99;Zylan Cheatham;SF;26;UTA;1;0;5;0;3;0;0;2;0;0;1;0;0;0;0;0;0;0;0;0;0;0;0;0;0
100;Chris Chiozza;PG;26;GSW;26;1;10.7;0.7;2.5;0.292;0.6;1.7;0.372;0.1;0.8;0.136;0.415;0;0;1;0.3;0.8;1.2;1.8;0.3;0;0.8;0.9;2.1
101;Marquese Chriss;PF;24;DAL;23;0;11.1;2.1;4.4;0.475;0.3;0.9;0.333;1.8;3.5;0.513;0.51;0.5;0.8;0.632;1;2.5;3.5;0.5;0.5;0.4;0.7;2.1;5
102;Josh Christopher;SG;20;HOU;49;2;16.3;2.8;6.1;0.453;0.8;2.4;0.325;2;3.7;0.536;0.517;1;1.3;0.766;0.7;1.4;2.1;1.7;0.8;0.1;1.4;1;7.3
103;Gary Clark;PF;27;NOP;26;1;11.3;0.9;2.6;0.358;0.8;2.2;0.375;0.1;0.4;0.273;0.515;0.2;0.3;0.75;0.6;2.1;2.7;0.4;0.4;0.3;0.2;0.6;2.9
104;Brandon Clarke;PF;25;MEM;45;1;19.3;4.5;7;0.648;0.1;0.4;0.211;4.4;6.6;0.676;0.654;1.4;2;0.697;2.1;3.4;5.5;1.4;0.6;1.1;0.5;1.8;10.5
105;Jordan Clarkson;SG;29;UTA;55;1;26.4;5.6;13.9;0.403;2.5;7.9;0.32;3.1;6;0.514;0.494;1.7;2.1;0.832;0.8;2.6;3.3;2.4;0.7;0.2;1.6;1.9;15.5
106;Nic Claxton;C;22;BRK;25;18;21.2;4;6.2;0.639;0;0;0;4;6.2;0.639;0.639;1.2;2.1;0.566;2.2;3.4;5.6;0.8;0.5;1.1;0.7;2.2;9.1
107;Amir Coffey;SG;24;LAC;47;20;22.1;2.7;6.1;0.453;1.4;3.6;0.381;1.4;2.5;0.556;0.565;1.4;1.6;0.883;0.5;2.5;3;1.6;0.5;0.2;0.6;1.3;8.3
108;John Collins;PF;24;ATL;50;50;31.3;6.5;12.1;0.537;1.2;3.2;0.388;5.3;8.9;0.591;0.588;2.5;3.2;0.794;1.8;6.1;7.9;1.9;0.6;1.1;1.1;3.1;16.8
109;Zach Collins;PF;24;SAS;5;0;16.4;2.4;5.4;0.444;0.6;1.4;0.429;1.8;4;0.45;0.5;0.4;0.8;0.5;1.6;3.6;5.2;2.2;0.8;0.4;1.6;2.2;5.8
110;Darren Collison;PG;34;LAL;3;0;12.3;0.7;2.3;0.286;0;1;0;0.7;1.3;0.5;0.286;0;0;0;0;1.3;1.3;0.7;0.3;0;0.3;1.7;1.3
111;Mike Conley;PG;34;UTA;52;52;28.3;4.8;10.9;0.438;2.4;5.8;0.41;2.4;5.2;0.47;0.547;1.9;2.3;0.838;0.6;2.5;3.1;5.3;1.2;0.3;1.7;1.9;13.8
112;Pat Connaughton;SG;29;MIL;54;18;27;3.6;7.7;0.467;2.3;5.7;0.407;1.3;2;0.639;0.618;0.6;0.7;0.811;0.7;3.7;4.4;1.2;0.9;0.3;0.6;1.4;10.1
113;Tyler Cook;PF;24;CHI;19;2;10.3;1.2;1.9;0.611;0;0;0;1.2;1.9;0.611;0.611;1.1;1.6;0.645;0.8;1.9;2.7;0.2;0.2;0.2;0.4;1.4;3.4
114;Sharife Cooper;PG;20;ATL;11;0;3.2;0.3;1.3;0.214;0.1;0.5;0.167;0.2;0.7;0.25;0.25;0;0;0;0;0.5;0.5;0.5;0;0;0.5;0.1;0.6
115;Petr Cornelie;PF;26;DEN;13;0;2.9;0.4;1.2;0.333;0.1;0.6;0.125;0.3;0.5;0.571;0.367;0.2;0.3;0.75;0.5;0.5;1.1;0.2;0.1;0.1;0.3;0.5;1.1
116;DeMarcus Cousins;C;31;TOT;25;5;15.7;2.8;6.8;0.414;0.7;2.6;0.273;2.1;4.1;0.505;0.467;1.8;2.3;0.776;1.6;4.3;5.9;1.1;0.8;0.4;1.4;2.8;8.1
116;DeMarcus Cousins;C;31;MIL;17;5;16.9;3.2;6.9;0.466;0.8;2.8;0.271;2.5;4.1;0.6;0.521;1.8;2.2;0.816;1.4;4.4;5.8;1.1;0.9;0.5;0.9;2.7;9.1
116;DeMarcus Cousins;C;31;DEN;8;0;13.1;1.9;6.4;0.294;0.6;2.3;0.278;1.3;4.1;0.303;0.343;1.8;2.5;0.7;2;4.3;6.3;1.1;0.6;0.3;2.3;2.9;6.1
117;Robert Covington;PF-SF;31;TOT;54;40;28.8;2.7;6.9;0.392;1.6;4.6;0.343;1.1;2.2;0.496;0.508;0.7;0.9;0.816;0.9;4.6;5.5;1.4;1.5;1.3;1.2;2.7;7.7
117;Robert Covington;PF;31;POR;48;40;29.8;2.7;7;0.381;1.6;4.8;0.343;1;2.2;0.462;0.499;0.6;0.8;0.833;0.9;4.9;5.7;1.4;1.5;1.3;1.2;2.8;7.6
117;Robert Covington;SF;31;LAC;6;0;20.5;3;6;0.5;1.2;3.5;0.333;1.8;2.5;0.733;0.597;1.7;2.2;0.769;1.2;3;4.2;1;1.5;0.8;1.3;2.7;8.8
118;Torrey Craig;SF;31;TOT;54;14;20.2;2.6;5.5;0.463;0.9;2.7;0.336;1.6;2.8;0.586;0.545;0.5;0.7;0.75;1.1;2.7;3.9;1.1;0.5;0.4;0.8;1.9;6.5
118;Torrey Craig;SF;31;IND;51;14;20.3;2.5;5.5;0.456;0.9;2.7;0.333;1.6;2.8;0.573;0.537;0.5;0.7;0.771;1.2;2.7;3.8;1.1;0.5;0.4;0.8;1.9;6.5
118;Torrey Craig;SF;31;PHO;3;0;19.7;3.3;5.7;0.588;1;2.7;0.375;2.3;3;0.778;0.676;0;0.3;0;1;3.7;4.7;1.3;0.7;0.7;0.7;1.7;7.7
119;Jae Crowder;PF;31;PHO;48;48;28.2;3.1;7.8;0.395;1.8;5.2;0.337;1.3;2.6;0.512;0.508;1;1.2;0.81;0.5;4.8;5.3;1.5;1.3;0.5;0.8;2.4;8.9
120;Jarrett Culver;SG;22;MEM;27;0;9.2;1.5;3.6;0.417;0.4;1.2;0.303;1.1;2.3;0.476;0.469;0.4;0.9;0.522;0.4;1.1;1.4;1;0.6;0.1;0.5;1.1;3.8
121;Jarron Cumberland;SG;24;POR;3;0;4;0.3;0.7;0.5;0;0.3;0;0.3;0.3;1;0.5;0;0;0;0.3;0.7;1;0.3;0;0;0;0.7;0.7
122;Cade Cunningham;PG;20;DET;44;44;31.8;6;15.2;0.394;2;6.2;0.327;4;9;0.439;0.46;1.8;2;0.856;0.9;4.5;5.5;5.2;1.3;0.7;3.5;3;15.7
123;Seth Curry;SG;31;TOT;47;47;34.8;5.8;11.9;0.488;2.3;5.7;0.408;3.5;6.2;0.56;0.585;1.4;1.6;0.877;0.4;3;3.4;4.1;0.8;0.2;1.9;2.3;15.3
123;Seth Curry;SG;31;PHI;45;45;34.8;5.7;11.7;0.485;2.2;5.6;0.4;3.5;6.2;0.561;0.58;1.4;1.6;0.877;0.4;3;3.4;4;0.8;0.2;1.9;2.2;15
123;Seth Curry;SG;31;BRK;2;2;34;8.5;16;0.531;4.5;8.5;0.529;4;7.5;0.533;0.672;0;0;0;0;4;4;5.5;0.5;0;3;2.5;21.5
124;Stephen Curry;PG;33;GSW;54;54;34.8;8.4;19.6;0.427;4.6;12.3;0.379;3.7;7.3;0.509;0.546;4.4;4.8;0.919;0.6;4.7;5.3;6.3;1.4;0.4;3.2;2.1;25.8
125;Anthony Davis;C;28;LAL;37;37;35.1;9.2;17.2;0.537;0.3;1.8;0.182;8.9;15.4;0.578;0.546;4.4;6.1;0.709;2.8;6.9;9.7;2.9;1.2;2.3;2.1;2.5;23.1
126;Ed Davis;C;32;CLE;19;3;7.5;0.5;0.7;0.643;0;0;0;0.5;0.7;0.643;0.643;0.2;0.4;0.375;0.4;1.9;2.3;0.3;0.2;0.4;0.3;1.4;1.1
127;Terence Davis;SG;24;SAC;30;11;17.9;3.8;8.9;0.423;1.6;5;0.329;2.1;3.9;0.542;0.515;1.2;1.5;0.818;0.4;2.8;3.1;1.3;0.8;0.4;1.1;2.3;10.4
128;Gabriel Deck;PF;26;OKC;7;0;8;1.1;2;0.571;0.3;0.6;0.5;0.9;1.4;0.6;0.643;0;0;0;0.1;0.7;0.9;0.7;0.1;0;0.3;0.3;2.6
129;Dewayne Dedmon;C;32;MIA;50;15;16.4;2.6;4.5;0.58;0.3;0.6;0.516;2.3;3.9;0.591;0.616;1.1;1.4;0.778;1.8;4.3;6.1;0.7;0.4;0.5;1.1;2.4;6.6
130;Sam Dekker;PF;27;TOR;1;0;1;0;0;0;0;0;0;0;0;0;0;0;0;0;0;0;0;0;0;0;0;0;0
131;Javin DeLaurier;C;23;MIL;1;0;3;0;0;0;0;0;0;0;0;0;0;0;0;0;0;1;1;0;1;0;0;1;0
132;DeMar DeRozan;PF;32;CHI;55;55;35.6;10.3;19.9;0.517;0.6;1.8;0.343;9.7;18.1;0.535;0.533;6.9;8;0.866;0.8;4.4;5.2;5.1;0.9;0.3;2.3;2.2;28.1
133;Mamadi Diakite;PF;25;OKC;13;3;14.5;1.9;3.6;0.532;0;0.4;0;1.9;3.2;0.595;0.532;0.5;0.8;0.545;1.3;3.2;4.5;0.2;0.4;0.7;0.5;2.5;4.3
134;Cheick Diallo;C;25;DET;3;0;10.3;1;2.7;0.375;0;0;0;1;2.7;0.375;0.375;1.7;2;0.833;1.3;2.7;4;0;0.3;0;0.3;2;3.7
135;Hamidou Diallo;SG;23;DET;51;29;22.6;4.5;9.2;0.494;0.4;1.6;0.241;4.2;7.6;0.548;0.515;1.6;2.4;0.65;1.2;3.7;4.9;1.3;1.2;0.3;1;2.6;11.1
136;Gorgui Dieng;C;32;ATL;37;3;9;1.2;2.6;0.479;0.6;1.5;0.426;0.6;1.1;0.548;0.599;0.5;0.6;0.708;0.9;2.2;3;0.8;0.3;0.4;0.5;1.2;3.6
137;Spencer Dinwiddie;PG;28;TOT;45;44;30.1;4.2;11;0.376;1.6;5.1;0.307;2.6;6;0.435;0.447;2.6;3.3;0.789;0.8;3.8;4.6;5.8;0.6;0.2;1.6;2.4;12.4
137;Spencer Dinwiddie;PG;28;WAS;44;44;30.2;4.2;11.2;0.376;1.6;5.1;0.31;2.6;6;0.432;0.447;2.6;3.3;0.811;0.8;3.9;4.7;5.8;0.6;0.2;1.7;2.4;12.6
137;Spencer Dinwiddie;PG;28;DAL;1;0;23;2;5;0.4;0;2;0;2;3;0.667;0.4;0;4;0;0;2;2;5;1;0;0;2;4
138;Donte DiVincenzo;SG;25;TOT;20;0;20.8;2.4;7.3;0.322;1.3;4.6;0.272;1.1;2.7;0.407;0.408;1.6;1.8;0.886;1;2.7;3.7;2.1;0.9;0.2;1.5;1.4;7.5
138;Donte DiVincenzo;SG;25;MIL;17;0;20.1;2.3;6.9;0.331;1.2;4.4;0.284;1.1;2.6;0.409;0.419;1.4;1.6;0.852;1.1;2.5;3.5;1.7;0.6;0.2;1.6;1.5;7.2
138;Donte DiVincenzo;SG;25;SAC;3;0;25;2.7;9.3;0.286;1.3;6;0.222;1.3;3.3;0.4;0.357;2.7;2.7;1;0.7;3.7;4.3;4;2.3;0;0.7;0.7;9.3
139;Luka Don?i?;PG;22;DAL;43;43;35.4;9.6;21.3;0.448;2.7;8.1;0.329;6.9;13.2;0.521;0.51;5.3;7.2;0.734;0.9;8.2;9;9;1.2;0.5;4.4;2.4;27
140;Luguentz Dort;SF;22;OKC;51;51;32.6;5.7;14.2;0.404;2.5;7.7;0.332;3.2;6.6;0.487;0.493;3.2;3.7;0.843;0.7;3.4;4.2;1.7;0.9;0.4;1.7;2.9;17.2
141;Ayo Dosunmu;SG;22;CHI;54;20;25.9;3.2;6.2;0.523;0.9;2.3;0.407;2.3;3.9;0.59;0.598;0.8;1.1;0.677;0.3;2.5;2.8;3.1;0.7;0.4;1.2;2.2;8.1
142;Damyean Dotson;SG;27;NYK;2;0;10.5;1;2;0.5;0;0.5;0;1;1.5;0.667;0.5;0;0;0;0;1;1;0.5;0;0;0;0;2
143;Devon Dotson;PG;22;CHI;11;0;7.7;1;2.1;0.478;0.2;0.8;0.222;0.8;1.3;0.643;0.522;0.5;0.8;0.556;0.1;0.7;0.8;1.4;0.1;0;0.5;1;2.6
144;Sekou Doumbouya;PF;21;LAL;2;0;8;2.5;4;0.625;0.5;1;0.5;2;3;0.667;0.688;1.5;2;0.75;1;2;3;0;1.5;1;1;0.5;7
145;Jeff Dowtin;PG;24;TOT;5;0;6.2;0.6;1.4;0.429;0;0.4;0;0.6;1;0.6;0.429;0;0;0;0.2;1.2;1.4;0.6;0;0.2;0.2;0.4;1.2
145;Jeff Dowtin;PG;24;GSW;4;0;7;0.8;1.5;0.5;0;0.3;0;0.8;1.3;0.6;0.5;0;0;0;0.3;1.5;1.8;0.8;0;0.3;0.3;0.5;1.5
145;Jeff Dowtin;PG;24;MIL;1;0;3;0;1;0;0;1;0;0;0;0;0;0;0;0;0;0;0;0;0;0;0;0;0
146;PJ Dozier;SG;25;DEN;18;0;18.9;2;5.5;0.364;0.8;2.7;0.313;1.2;2.8;0.412;0.439;0.6;0.7;0.769;0.8;2.7;3.5;1.6;0.6;0.3;0.7;1.8;5.4
147;Goran Dragi?;PG;35;TOR;5;2;18;2.6;6.8;0.382;0.8;2.8;0.286;1.8;4;0.45;0.441;2;2;1;0.4;2.4;2.8;1.8;1;0.2;0.2;1.6;8
148;Andre Drummond;C;28;TOT;51;14;18.6;2.7;5;0.535;0;0;0;2.7;5;0.539;0.535;0.9;1.8;0.505;2.8;6.2;9;2;1.1;0.9;1.6;2.5;6.3
148;Andre Drummond;C;28;PHI;49;12;18.4;2.6;4.9;0.538;0;0;0;2.6;4.8;0.542;0.538;0.9;1.7;0.512;2.8;6.1;8.8;2;1.1;0.9;1.6;2.5;6.1
148;Andre Drummond;C;28;BRK;2;2;23.5;4.5;9;0.5;0;0;0;4.5;9;0.5;0.5;2;4.5;0.444;4;10;14;3;1;1;1;3;11
149;Chris Duarte;SG;24;IND;50;38;28.7;5;11.5;0.435;1.7;4.8;0.364;3.3;6.7;0.485;0.51;1.7;2.1;0.792;0.7;3.4;4.1;2.2;1;0.2;1.7;1.7;13.4
150;David Duke Jr.;PG;22;BRK;18;7;16.2;1.9;5.2;0.372;0.5;1.8;0.281;1.4;3.4;0.419;0.42;0.9;1.1;0.842;1.6;1.8;3.4;0.8;0.7;0.3;0.4;1.7;5.3
151;Kevin Durant;PF;33;BRK;36;36;36.5;10.5;20.3;0.52;1.9;5;0.372;8.7;15.3;0.568;0.566;6.3;7.1;0.894;0.6;6.9;7.4;5.8;0.8;0.9;3;1.9;29.3
152;Jaime Echenique;C;24;WAS;1;0;3;0;0;0;0;0;0;0;0;0;0;0;0;0;0;0;0;0;0;0;0;0;0
153;Anthony Edwards;SG;20;MIN;53;53;34.6;7.8;18;0.435;3.1;8.7;0.355;4.8;9.3;0.51;0.521;3.1;4;0.776;0.9;3.9;4.8;3.6;1.5;0.7;2.8;2.3;21.9
154;Kessler Edwards;SF;21;BRK;27;19;24.9;2.6;6.5;0.406;1.1;3.3;0.341;1.5;3.2;0.471;0.491;0.3;0.4;0.8;1;3.3;4.3;0.6;0.8;0.6;1.1;2;6.7
155;Rob Edwards;SG;25;OKC;2;0;5.5;0.5;2;0.25;0.5;2;0.25;0;0;0;0.375;0;0;0;0;1.5;1.5;0;0;0;0.5;0;1.5
156;CJ Elleby;SF;21;POR;35;7;15.1;1.6;4.1;0.392;0.5;1.8;0.29;1.1;2.3;0.469;0.455;0.6;0.7;0.808;0.9;2.1;2.9;1.1;0.5;0.2;0.5;1.6;4.3
157;Wayne Ellington;SG;34;LAL;35;9;18.9;2.1;5.3;0.392;1.9;4.8;0.385;0.2;0.5;0.471;0.567;0.1;0.1;0.8;0.3;1.5;1.7;0.7;0.5;0.1;0.4;1;6.1
158;Joel Embiid;C;27;PHI;45;45;32.8;9.4;19.2;0.491;1.3;3.6;0.36;8.1;15.6;0.521;0.525;9.1;11.2;0.813;2;9.1;11.1;4.5;1;1.5;2.9;2.6;29.3
159;James Ennis III;SF;31;TOT;7;0;8;1.6;3.4;0.458;0.4;1.1;0.375;1.1;2.3;0.5;0.521;0.6;0.7;0.8;0.7;1;1.7;0.4;0.3;0.3;0.3;0.7;4.1
159;James Ennis III;SF;31;BRK;2;0;7;1;3.5;0.286;0.5;1;0.5;0.5;2.5;0.2;0.357;0;0;0;1;1.5;2.5;0;0.5;0.5;0;0;2.5
159;James Ennis III;SF;31;LAC;2;0;14;3.5;5.5;0.636;1;2;0.5;2.5;3.5;0.714;0.727;2;2;1;1;1.5;2.5;0;0.5;0.5;0.5;2;10
159;James Ennis III;SF;31;DEN;3;0;4.7;0.7;2;0.333;0;0.7;0;0.7;1.3;0.5;0.333;0;0.3;0;0.3;0.3;0.7;1;0;0;0.3;0.3;1.3
160;Drew Eubanks;C;24;SAS;49;9;12.1;1.7;3.2;0.528;0;0.2;0.125;1.7;3.1;0.55;0.531;1.2;1.6;0.747;1.3;2.7;4;1;0.3;0.6;0.9;1.2;4.7
161;Tacko Fall;C;26;CLE;11;1;5.4;0.5;1.1;0.417;0;0;0;0.5;1.1;0.417;0.417;0.2;0.6;0.286;0.6;1.5;2.1;0.2;0;0.5;0.3;0.3;1.1
162;Derrick Favors;C;30;OKC;38;17;16.7;2.4;4.7;0.517;0.1;0.4;0.125;2.4;4.3;0.556;0.522;0.4;0.6;0.609;1.5;3.2;4.8;0.6;0.4;0.3;0.2;1.6;5.3
163;Bruno Fernando;C;23;TOT;21;0;3;0.3;0.8;0.438;0;0;1;0.3;0.7;0.4;0.469;0.2;0.2;0.8;0.4;0.4;0.8;0.2;0;0.1;0.3;0.3;0.9
163;Bruno Fernando;C;23;BOS;20;0;2.9;0.4;0.7;0.5;0.1;0.1;1;0.3;0.7;0.462;0.536;0.2;0.3;0.8;0.4;0.4;0.8;0.2;0;0.2;0.3;0.3;1
163;Bruno Fernando;C;23;HOU;1;0;4;0;2;0;0;0;0;0;2;0;0;0;0;0;1;0;1;0;0;0;1;0;0
164;Dorian Finney-Smith;PF;28;DAL;57;57;32.8;3.7;8.5;0.437;1.9;5.1;0.365;1.8;3.3;0.547;0.548;0.8;1.2;0.682;1.6;3.2;4.8;1.9;1.2;0.5;1.1;2.3;10.1
165;Malik Fitts;PF;24;UTA;7;0;5;0.3;1.3;0.222;0.3;0.6;0.5;0;0.7;0;0.333;0;0;0;0;1.4;1.4;0;0;0;0.3;0.4;0.9
166;Malachi Flynn;PG;23;TOR;34;1;9;1.1;3.1;0.355;0.5;1.6;0.291;0.6;1.5;0.423;0.43;0.2;0.3;0.667;0.2;0.9;1.1;1.1;0.4;0.1;0.3;0.9;2.9
167;Bryn Forbes;SG;28;TOT;55;1;17.8;3.4;7.8;0.438;1.6;3.9;0.421;1.8;3.9;0.455;0.543;1.1;1.2;0.906;0.1;1.3;1.5;1.1;0.4;0.1;0.8;1.2;9.5
167;Bryn Forbes;SG;28;SAS;40;1;16.9;3.2;7.4;0.432;1.6;3.8;0.417;1.6;3.6;0.448;0.539;1.1;1.2;0.898;0.1;1.5;1.6;1;0.4;0.1;0.8;1.1;9.1
167;Bryn Forbes;SG;28;DEN;15;0;20.1;3.9;8.7;0.45;1.8;4.2;0.429;2.1;4.5;0.471;0.553;0.9;1;0.933;0.1;1;1.1;1.1;0.2;0.1;0.7;1.7;10.6
168;Aleem Ford;SF;24;ORL;5;0;14.8;1.2;4;0.3;0.4;3;0.133;0.8;1;0.8;0.35;0;0;0;0.4;2.6;3;0.4;0.2;0;0.8;1.4;2.8
169;Trent Forrest;PG;23;UTA;46;4;12.2;1.3;2.4;0.532;0.1;0.4;0.222;1.2;2;0.593;0.55;0.6;0.8;0.806;0.4;1.3;1.7;1.5;0.5;0.1;0.8;0.7;3.2
170;Evan Fournier;SG;29;NYK;57;57;29.5;5.2;12.3;0.424;3;7.6;0.394;2.2;4.8;0.471;0.545;1.1;1.5;0.723;0.5;2.4;2.9;1.9;1;0.3;1.4;2.1;14.5
171;De'Aaron Fox;PG;24;SAC;48;48;34.4;8.2;17.6;0.464;1;3.8;0.271;7.1;13.8;0.517;0.493;4.4;5.9;0.754;0.5;3.4;3.9;5.1;1.1;0.4;2.8;2.9;21.8
172;Tim Frazier;PG;31;ORL;10;3;20;1.3;4.3;0.302;0.6;1.7;0.353;0.7;2.6;0.269;0.372;0.5;0.9;0.556;0.5;1.4;1.9;3.3;0.3;0.1;1.3;2.4;3.7
173;Enes Freedom;C;29;BOS;35;1;11.7;1.5;2.8;0.526;0.1;0.1;0.4;1.4;2.6;0.533;0.536;0.7;0.8;0.857;1.7;2.8;4.6;0.2;0.1;0.4;0.6;1.2;3.7
174;Wenyen Gabriel;PF;24;TOT;7;0;6.7;0.7;1.9;0.385;0.3;0.7;0.4;0.4;1.1;0.375;0.462;0.3;0.6;0.5;0.7;1.4;2.1;0.3;0.1;0.3;0.4;1.6;2
174;Wenyen Gabriel;PF;24;BRK;1;0;1;0;0;0;0;0;0;0;0;0;0;0;0;0;0;1;1;0;0;0;0;0;0
174;Wenyen Gabriel;PF;24;LAC;6;0;7.7;0.8;2.2;0.385;0.3;0.8;0.4;0.5;1.3;0.375;0.462;0.3;0.7;0.5;0.8;1.5;2.3;0.3;0.2;0.3;0.5;1.8;2.3
175;Daniel Gafford;C;23;WAS;48;46;20.6;3.8;5.6;0.678;0;0;0;3.8;5.6;0.678;0.678;1.4;1.8;0.756;2.3;3.8;6;1;0.4;1.5;0.9;2.4;8.9
176;Danilo Gallinari;PF;33;ATL;47;4;23.4;3.3;7.9;0.418;1.6;4;0.395;1.7;3.9;0.443;0.519;2.3;2.6;0.917;0.6;3.8;4.4;1.4;0.5;0.2;0.6;1.4;10.6
177;Langston Galloway;SG;30;TOT;7;0;15.3;0.9;3.7;0.231;0.3;2.3;0.125;0.6;1.4;0.4;0.269;0;0;0;0.4;2.1;2.6;1.7;0.1;0;0.9;1;2
177;Langston Galloway;SG;30;BRK;4;0;14.5;1.3;3.3;0.385;0.5;2;0.25;0.8;1.3;0.6;0.462;0;0;0;0.3;1.8;2;1.3;0;0;1.3;1.3;3
177;Langston Galloway;SG;30;MIL;3;0;16.3;0.3;4.3;0.077;0;2.7;0;0.3;1.7;0.2;0.077;0;0;0;0.7;2.7;3.3;2.3;0.3;0;0.3;0.7;0.7
178;Darius Garland;PG;22;CLE;47;47;34.6;7.8;16.3;0.477;2.6;6.8;0.378;5.2;9.5;0.547;0.555;2.2;2.4;0.911;0.5;2.8;3.3;8;1.2;0.1;3.7;1.7;20.3
179;Marcus Garrett;SG;23;MIA;12;0;10.7;0.4;1.8;0.238;0.1;0.3;0.25;0.3;1.4;0.235;0.262;0.2;0.4;0.4;0.8;1.2;1.9;0.6;0.4;0.3;0.2;1.3;1.1
180;Usman Garuba;PF;19;HOU;15;0;7;0.5;1.6;0.333;0.1;0.9;0.154;0.4;0.7;0.545;0.375;0.1;0.1;0.5;0.6;1.7;2.3;0.5;0.5;0.4;0.2;0.6;1.3
181;Luka Garza;C;23;DET;29;5;11.7;1.9;4.3;0.444;0.5;1.4;0.341;1.4;2.9;0.494;0.5;0.9;1.4;0.643;1.7;1.3;3;0.6;0.3;0.1;0.6;1.7;5.2
182;Rudy Gay;PF;35;UTA;35;1;20;3.1;7.3;0.418;1.4;4.1;0.34;1.7;3.2;0.518;0.514;1.4;1.8;0.79;1;3.6;4.6;1.1;0.6;0.3;0.9;1.9;8.9
183;Paul George;SF;31;LAC;26;26;35.5;9;21.4;0.421;2.7;8.3;0.323;6.3;13;0.484;0.484;4;4.5;0.88;0.4;6.7;7.1;5.5;2;0.4;4.2;2.5;24.7
184;Taj Gibson;C;36;NYK;39;4;18.3;1.5;2.9;0.526;0.2;0.6;0.364;1.3;2.4;0.565;0.561;0.6;0.8;0.758;1.6;2.8;4.5;0.6;0.4;0.8;0.6;2.8;3.9
185;Josh Giddey;SG;19;OKC;53;53;31.4;5.2;12.4;0.418;1.1;4;0.267;4.1;8.4;0.49;0.461;1;1.5;0.705;1.8;6;7.8;6.4;0.9;0.4;3.2;1.6;12.4
186;Shai Gilgeous-Alexander;PG;23;OKC;43;43;34.6;7.8;18.3;0.424;1.6;5.6;0.278;6.2;12.7;0.488;0.466;5.6;6.9;0.811;0.7;4;4.7;5.5;1.1;0.8;2.4;2.3;22.7
187;Anthony Gill;PF;29;WAS;25;0;8.3;1.2;1.8;0.63;0.2;0.4;0.556;1;1.5;0.649;0.685;0.7;1;0.72;0.7;0.8;1.5;0.4;0.1;0.2;0.4;1.4;3.2
188;Freddie Gillespie;PF;24;ORL;9;2;13.2;1;2.4;0.409;0;0.1;0;1;2.3;0.429;0.409;0.3;0.8;0.429;1.4;2.6;4;0.6;0.3;1;0.6;2;2.3
189;Rudy Gobert;C;29;UTA;44;44;32.1;5.6;7.9;0.711;0;0;0;5.6;7.8;0.715;0.711;4.5;6.5;0.689;3.5;11.3;14.8;1.2;0.8;2.3;1.8;2.7;15.7
190;Brandon Goodwin;PG;26;CLE;16;3;15.9;2.1;5.3;0.388;0.8;2;0.375;1.3;3.3;0.396;0.459;0.4;0.9;0.5;0.4;1.9;2.4;3.1;1;0;1.1;1.4;5.3
191;Jordan Goodwin;SG;23;WAS;2;0;3;0;1.5;0;0;0.5;0;0;1;0;0;0;0;0;0;0.5;0.5;0;0;0;0;0.5;0
192;Aaron Gordon;PF;26;DEN;53;53;31.8;5.6;10.9;0.516;1.2;3.5;0.333;4.5;7.4;0.604;0.57;2.1;2.8;0.735;1.7;4.1;5.8;2.6;0.7;0.5;1.8;1.9;14.5
193;Eric Gordon;SG;33;HOU;47;36;29.7;5;10.5;0.482;2.3;5.4;0.417;2.8;5.1;0.55;0.589;1.9;2.6;0.758;0.3;1.7;2;3;0.5;0.4;2;1.1;14.3
194;Devonte' Graham;PG;26;NOP;54;54;30.8;4.3;12;0.358;2.8;8.2;0.341;1.5;3.8;0.394;0.474;1.6;1.9;0.846;0.5;2;2.5;4.5;0.9;0.1;1.6;1.4;13
195;Jerami Grant;PF;27;DET;33;33;32.2;6.3;15.1;0.416;1.8;5.2;0.339;4.5;9.9;0.456;0.474;4.7;5.6;0.842;0.7;3.6;4.3;2.5;1;1.1;2;2.2;19
196;Hassani Gravett;PG;25;ORL;8;3;21.4;2.3;4.8;0.474;1.4;3.3;0.423;0.9;1.5;0.583;0.618;0.4;0.5;0.75;0.1;2.5;2.6;2.5;0.6;0.1;1.1;1.6;6.3
197;Danny Green;SF;34;PHI;39;25;23.3;2.3;5.6;0.402;1.8;4.7;0.383;0.5;0.9;0.5;0.562;0.2;0.3;0.9;0.5;2;2.5;1;1.1;0.7;0.9;1.7;6.5
198;Draymond Green;PF;31;GSW;34;34;29.9;3.2;5.9;0.537;0.4;1.2;0.286;2.8;4.7;0.604;0.567;1.2;2;0.597;1.1;6.4;7.6;7.4;1.4;1.2;3.1;2.8;7.9
199;Jalen Green;SG;19;HOU;42;42;30.4;4.8;12.5;0.383;1.9;6.1;0.304;2.9;6.4;0.459;0.457;3;3.7;0.818;0.4;2.8;3.2;2.3;0.6;0.2;2.3;1.6;14.4
200;JaMychal Green;PF;31;DEN;45;7;14.9;2.3;5;0.451;0.6;2.2;0.265;1.7;2.8;0.594;0.509;1.2;1.4;0.869;1;2.7;3.7;0.8;0.7;0.4;0.9;2.2;6.3
201;Javonte Green;SF;28;CHI;42;31;24.2;2.8;5.2;0.546;0.5;1.5;0.349;2.3;3.7;0.626;0.596;1.5;1.8;0.824;1.6;2.8;4.4;1.1;0.9;0.5;0.6;2.1;7.6
202;Jeff Green;C;35;DEN;54;42;24.5;3.7;7.3;0.51;0.8;2.4;0.323;3;4.9;0.602;0.563;2.1;2.6;0.827;0.6;2.6;3.2;1.2;0.3;0.4;0.9;2.1;10.4
203;Josh Green;SG;21;DAL;43;1;14.1;1.8;3.6;0.51;0.3;0.9;0.324;1.5;2.7;0.569;0.549;0.6;0.8;0.714;0.7;1.4;2.1;1.3;0.7;0.2;0.5;1.7;4.5
204;Blake Griffin;PF;32;BRK;47;24;18.4;2.6;6.1;0.421;0.7;2.7;0.24;1.9;3.3;0.571;0.475;1.1;1.4;0.735;1.2;3.2;4.4;2;0.6;0.3;0.5;1.8;6.8
205;Quentin Grimes;SG;21;NYK;39;6;17.8;2.3;5.4;0.421;1.7;4.3;0.398;0.6;1.1;0.512;0.579;0.3;0.4;0.647;0.6;1.4;2;1;0.7;0.3;0.6;1.5;6.5
206;Kyle Guy;SG;24;MIA;15;0;11.7;1.7;4;0.433;0.9;2.3;0.4;0.8;1.7;0.48;0.55;0.5;0.7;0.7;0.1;0.7;0.9;1.1;0.5;0.1;0.8;0.8;4.9
207;Rui Hachimura;PF;23;WAS;17;0;17.8;3.1;6.9;0.444;0.9;2.2;0.432;2.1;4.7;0.45;0.513;1.2;1.5;0.769;0.4;3.1;3.4;1;0.5;0.3;0.7;0.9;8.2
208;Tyrese Haliburton;SG-PG;21;TOT;55;55;34.8;5.4;11.7;0.46;2.1;5.1;0.417;3.2;6.6;0.493;0.551;1.8;2.2;0.833;0.7;3.2;3.9;7.7;1.7;0.6;2.3;1.4;14.7
208;Tyrese Haliburton;SG;21;SAC;51;51;34.5;5.3;11.5;0.457;2;4.9;0.413;3.2;6.5;0.491;0.546;1.7;2;0.837;0.8;3.1;3.9;7.4;1.7;0.7;2.3;1.4;14.3
208;Tyrese Haliburton;PG;21;IND;4;4;38.8;7;14.5;0.483;3.5;7.8;0.452;3.5;6.8;0.519;0.603;3.3;4;0.813;0.3;4;4.3;11;2.3;0;3.5;2;20.8
209;Tyler Hall;SG;24;NYK;1;0;2;0;0;0;0;0;0;0;0;0;0;0;0;0;0;0;0;0;0;0;0;0;0
210;R.J. Hampton;SG;20;ORL;42;1;19.4;2.5;6.7;0.382;0.9;2.5;0.364;1.6;4.1;0.393;0.452;1.1;1.9;0.608;0.3;2.6;2.9;2.4;0.7;0.2;1.3;1.5;7.2
211;Tim Hardaway Jr.;SG;29;DAL;42;20;29.6;5;12.6;0.394;2.4;7.2;0.336;2.5;5.4;0.473;0.491;1.9;2.5;0.757;0.3;3.4;3.7;2.2;0.9;0.1;0.8;1.8;14.2
212;James Harden;PG;32;BRK;44;44;37;6.6;16;0.414;2.3;7;0.332;4.3;9.1;0.476;0.486;6.9;8;0.869;1;7;8;10.2;1.3;0.7;4.8;2.4;22.5
213;Maurice Harkless;SF;28;SAC;41;22;19.9;1.9;4.2;0.454;0.7;2.4;0.309;1.2;1.9;0.636;0.54;0.5;0.7;0.714;0.3;2.3;2.6;0.5;0.7;0.6;0.7;1.7;5.1
214;Jared Harper;PG;24;NOP;2;0;5;1.5;3.5;0.429;0.5;1;0.5;1;2.5;0.4;0.5;0;0;0;0.5;0;0.5;1.5;0;0.5;0.5;1;3.5
215;Montrezl Harrell;C;28;TOT;49;3;24.5;5.4;8.4;0.649;0.1;0.3;0.267;5.3;8.1;0.663;0.654;3.2;4.5;0.715;2.1;4.7;6.8;2.1;0.4;0.7;1.1;2;14.2
215;Montrezl Harrell;C;28;WAS;46;3;24.3;5.4;8.3;0.645;0.1;0.3;0.267;5.3;8;0.66;0.65;3.2;4.5;0.727;2.1;4.6;6.7;2.1;0.4;0.7;1.1;1.9;14.1
215;Montrezl Harrell;C;28;CHO;3;0;28.3;6.3;9;0.704;0;0;0;6.3;9;0.704;0.704;3;5.3;0.563;2.3;5;7.3;1.7;0.7;1;1.7;2.7;15.7
216;Gary Harris;SG;27;ORL;52;30;29.4;4.1;9.4;0.441;1.9;5;0.38;2.3;4.4;0.509;0.541;1.3;1.5;0.848;0.6;1.5;2.1;1.9;0.9;0.2;1.1;1.9;11.4
217;Joe Harris;SF;30;BRK;14;14;30.2;4;8.9;0.452;2.9;6.3;0.466;1.1;2.6;0.417;0.617;0.4;0.4;0.833;0.4;3.6;4;1;0.5;0.1;1.1;2.2;11.3
218;Tobias Harris;PF;29;PHI;48;48;35.2;7.3;14.9;0.485;1.2;3.4;0.354;6.1;11.6;0.523;0.525;3;3.5;0.85;1.1;6.2;7.3;3.6;0.6;0.7;1.8;2.1;18.6
219;Shaquille Harrison;SG;28;BRK;2;0;11.5;1;3;0.333;0;1;0;1;2;0.5;0.333;0;0;0;0.5;1.5;2;1.5;0.5;0.5;1;1.5;2
220;Josh Hart;PF-SG;26;TOT;44;43;33.7;5;9.7;0.514;1.2;3.4;0.351;3.8;6.3;0.604;0.576;2.9;3.9;0.754;1.3;6.3;7.6;4.1;1.1;0.3;2.1;2.9;14.1
220;Josh Hart;PF;26;NOP;41;40;33.5;4.8;9.4;0.505;1;3.2;0.323;3.7;6.2;0.598;0.56;2.8;3.8;0.753;1.3;6.5;7.8;4.1;1.1;0.3;2;2.9;13.4
220;Josh Hart;SG;26;POR;3;3;36.3;8;13.3;0.6;3.7;7;0.524;4.3;6.3;0.684;0.738;4.3;5.7;0.765;1;4;5;4.3;0.7;0.7;3.7;3;24
221;Isaiah Hartenstein;C;23;LAC;46;0;15.9;3;4.9;0.617;0.1;0.2;0.5;3;4.8;0.621;0.626;1.1;1.7;0.671;1.5;2.8;4.3;1.8;0.7;1;1.1;2.4;7.3
222;Udonis Haslem;C;41;MIA;9;0;6.3;1.2;2.4;0.5;0.1;0.2;0.5;1.1;2.2;0.5;0.523;0.3;0.3;1;0.4;1.6;2;0.3;0.1;0.1;0.3;1.2;2.9
223;Sam Hauser;SF;24;BOS;11;0;4.9;0.6;1.7;0.368;0.6;1.7;0.368;0;0;0;0.553;0;0;0;0.1;0.5;0.6;0.4;0.1;0.1;0;0.4;1.9
224;Jaxson Hayes;C;21;NOP;46;4;16.8;3.2;5;0.646;0.2;0.6;0.269;3.1;4.4;0.695;0.662;1.9;2.5;0.761;1.4;2.5;3.9;0.5;0.4;0.7;0.7;2.3;8.5
225;Killian Hayes;PG;20;DET;46;33;24.4;2.3;6.4;0.361;0.7;2.5;0.274;1.7;4;0.415;0.414;0.9;1.1;0.816;0.5;2.4;2.9;4.1;1;0.5;1.7;2.7;6.2
226;Gordon Hayward;SF;31;CHO;48;48;32.2;5.9;12.7;0.46;1.8;4.5;0.39;4.1;8.2;0.499;0.529;2.6;3.1;0.846;0.8;3.8;4.6;3.6;1;0.5;1.7;1.8;16.1
227;Aaron Henry;SF;22;PHI;6;0;2.8;0.2;0.8;0.2;0;0.2;0;0.2;0.7;0.25;0.2;0;0;0;0;0.2;0.2;0;0;0.3;0.3;0.3;0.3
228;Juancho Hernangómez;PF;26;TOT;25;0;6.1;0.3;1.4;0.235;0.2;0.9;0.182;0.2;0.5;0.333;0.294;0.4;0.5;0.692;0.5;1.1;1.6;0.2;0.2;0.1;0.4;0.3;1.2
228;Juancho Hernangómez;PF;26;BOS;18;0;5.3;0.3;1.5;0.185;0.2;1;0.167;0.1;0.5;0.222;0.241;0.3;0.5;0.667;0.5;0.9;1.4;0.2;0.2;0.1;0.3;0.4;1.1
228;Juancho Hernangómez;PF;26;SAS;5;0;10.2;0.4;1.2;0.333;0;0.6;0;0.4;0.6;0.667;0.333;0.6;0.8;0.75;0.8;2.2;3;0.6;0.2;0.2;0.4;0;1.4
228;Juancho Hernangómez;PF;26;UTA;2;0;2.5;0.5;0.5;1;0.5;0.5;1;0;0;0;1.5;0;0;0;0;0;0;0;0;0;0.5;0.5;1.5
229;Willy Hernangómez;C;27;NOP;31;6;16.3;3.4;6.4;0.533;0.1;0.2;0.429;3.3;6.1;0.537;0.541;2;2.7;0.747;2.6;4.2;6.9;1.3;0.4;0.3;1;1.9;8.9
230;Tyler Herro;SG;22;MIA;46;10;32.7;7.4;17.3;0.427;2.5;6.7;0.374;4.9;10.6;0.461;0.5;2.7;3.1;0.879;0.6;4.2;4.8;3.9;0.6;0.2;2.8;1.5;20
231;Buddy Hield;SG;29;TOT;59;10;29.3;5;12.9;0.389;3.3;9.1;0.366;1.7;3.8;0.442;0.518;1.4;1.6;0.866;0.8;3.4;4.2;2.1;0.8;0.3;1.6;2.1;14.8
231;Buddy Hield;SG;29;SAC;55;6;28.6;4.8;12.6;0.382;3.3;9;0.368;1.5;3.6;0.419;0.514;1.5;1.7;0.87;0.8;3.2;4;1.9;0.9;0.3;1.6;2.1;14.4
231;Buddy Hield;SG;29;IND;4;4;39;7.8;17;0.456;3.5;10;0.35;4.3;7;0.607;0.559;1;1.3;0.8;0.8;5.3;6;5;0.5;0.5;1.8;2.5;20
232;Haywood Highsmith;SF;25;MIA;5;0;11.4;1.2;2.8;0.429;1.2;2.4;0.5;0;0.4;0;0.643;0;0;0;0.4;1;1.4;0;0;0.2;0;1;3.6
233;George Hill;SG;35;MIL;41;16;25.5;2.5;5.7;0.436;0.9;2.9;0.316;1.6;2.9;0.556;0.515;1.2;1.2;0.96;0.9;2.4;3.2;2.5;0.8;0.1;0.9;1.4;7
234;Malcolm Hill;SF-SG;26;TOT;16;0;12.3;1.4;3;0.479;0.8;2.1;0.394;0.6;0.9;0.667;0.615;0.7;0.9;0.786;0.7;1.3;2;0.3;0.4;0.2;0.1;1.3;4.4
234;Malcolm Hill;SG;26;ATL;3;0;15.3;1.7;2.7;0.625;1;1.7;0.6;0.7;1;0.667;0.813;1.3;1.3;1;0.7;1.3;2;0.3;1.3;0.3;0;2.3;5.7
234;Malcolm Hill;SF;26;CHI;13;0;11.5;1.4;3.1;0.45;0.8;2.2;0.357;0.6;0.9;0.667;0.575;0.5;0.8;0.7;0.7;1.3;2;0.2;0.2;0.2;0.2;1.1;4.1
235;Solomon Hill;PF;30;ATL;13;1;10.7;0.2;1.5;0.15;0.2;1;0.154;0.1;0.5;0.143;0.2;0;0;0;0.5;1.3;1.8;0.9;0.3;0.2;0.1;1.2;0.6
236;Nate Hinton;SG;22;IND;2;0;1;0;0.5;0;0;0;0;0;0.5;0;0;0;0;0;0;0;0;0;0;0;0.5;0;0
237;Jaylen Hoard;SF;22;OKC;1;0;2;0;1;0;0;0;0;0;1;0;0;0;0;0;1;1;2;0;0;0;0;0;0
238;Aaron Holiday;PG;25;TOT;44;14;16;2.5;5.2;0.48;0.6;1.7;0.37;1.9;3.5;0.532;0.54;0.6;0.8;0.8;0.2;1.4;1.7;2;0.6;0.2;1;1.5;6.2
238;Aaron Holiday;PG;25;WAS;41;14;16.2;2.4;5.2;0.467;0.6;1.6;0.343;1.9;3.6;0.524;0.521;0.7;0.9;0.8;0.2;1.4;1.6;1.9;0.6;0.2;1;1.5;6.1
238;Aaron Holiday;PG;25;PHO;3;0;13.3;3;4.3;0.692;1.3;2;0.667;1.7;2.3;0.714;0.846;0;0;0;0.3;1.7;2;2.7;0.3;0;1.3;1.3;7.3
239;Jrue Holiday;PG;31;MIL;46;43;32.9;7.2;14.2;0.506;1.8;4.5;0.404;5.3;9.7;0.554;0.571;1.8;2.3;0.769;1;3.6;4.6;6.7;1.5;0.5;2.8;1.9;18
240;Justin Holiday;SF-SG;32;TOT;53;44;29.2;3.9;9.5;0.409;2.6;6.9;0.378;1.3;2.6;0.493;0.547;0.7;0.8;0.837;0.4;2.3;2.7;1.9;0.7;0.4;1;2.2;11
240;Justin Holiday;SF;32;IND;49;40;28.9;3.9;9.3;0.415;2.6;6.9;0.378;1.3;2.5;0.516;0.553;0.7;0.8;0.829;0.4;2.4;2.8;1.8;0.7;0.4;1;2.1;11
240;Justin Holiday;SG;32;SAC;4;4;32.3;3.8;10.8;0.349;2.8;7.3;0.379;1;3.5;0.286;0.477;0.5;0.5;1;1;1;2;2.3;0.8;1;1.5;2.3;10.8
241;Richaun Holmes;C;28;SAC;41;37;24.7;4.6;6.9;0.669;0;0.1;0.4;4.6;6.8;0.674;0.673;1.6;2.1;0.77;2.1;5.2;7.4;1.1;0.4;1;1.3;2.9;11
242;Rodney Hood;SF-SG;29;TOT;40;0;14.7;1.2;3.3;0.348;0.6;2;0.3;0.6;1.3;0.423;0.439;0.3;0.4;0.929;0.3;1.4;1.7;0.8;0.3;0.1;0.2;0.7;3.2
242;Rodney Hood;SF;29;MIL;39;0;14.9;1.2;3.4;0.351;0.6;2.1;0.3;0.6;1.3;0.431;0.443;0.3;0.4;0.929;0.3;1.4;1.7;0.8;0.3;0.1;0.2;0.7;3.3
242;Rodney Hood;SG;29;LAC;1;0;5;0;1;0;0;0;0;0;1;0;0;0;0;0;0;0;0;1;0;0;0;0;0
243;Scotty Hopson;SG;32;OKC;1;0;18;2;4;0.5;0;1;0;2;3;0.667;0.5;0;0;0;0;1;1;1;0;0;2;1;4
244;Al Horford;C;35;BOS;51;51;28.3;3.8;8.5;0.445;1.2;4;0.307;2.6;4.5;0.565;0.516;1.3;1.5;0.835;1.5;6;7.5;3.4;0.6;1.3;1;1.8;10.1
245;Talen Horton-Tucker;SG;21;LAL;42;15;25.9;3.6;8.7;0.41;0.8;3;0.273;2.7;5.7;0.483;0.458;1.5;1.9;0.8;0.6;2.7;3.4;2.7;0.9;0.6;1.5;2.5;9.5
246;Danuel House Jr.;SF;28;TOT;26;2;15.5;1.8;4.6;0.392;0.8;2.4;0.349;1;2.2;0.439;0.483;1;1.3;0.818;0.3;2.2;2.5;1.2;0.4;0.3;0.9;1;5.5
246;Danuel House Jr.;SF;28;HOU;16;1;14.6;1.6;4.6;0.338;0.6;2.1;0.294;0.9;2.5;0.375;0.405;1.1;1.2;0.895;0.3;2.4;2.7;1.2;0.3;0.3;1.1;1;4.8
246;Danuel House Jr.;SF;28;NYK;1;0;3;0;1;0;0;1;0;0;0;0;0;0;0;0;0;0;0;0;0;0;0;0;0
246;Danuel House Jr.;SF;28;UTA;9;1;18.6;2.4;5;0.489;1.3;3.1;0.429;1.1;1.9;0.588;0.622;1.1;1.6;0.714;0.6;1.9;2.4;1.3;0.6;0.4;0.6;1.2;7.3
247;Dwight Howard;C;36;LAL;42;11;14.4;1.9;3;0.614;0.1;0.2;0.667;1.7;2.8;0.61;0.638;1.3;2.1;0.621;1.9;3.5;5.4;0.5;0.7;0.6;0.8;2;5.1
248;Markus Howard;SG;22;DEN;22;0;6.1;1.2;3.3;0.37;1;2.4;0.434;0.2;0.9;0.2;0.527;0.6;0.6;0.929;0;0.3;0.3;0.3;0.3;0;0.3;0.5;4.1
249;Kevin Huerter;SG;23;ATL;51;37;29;4.5;9.8;0.462;1.9;5.1;0.377;2.6;4.7;0.554;0.56;0.6;0.7;0.811;0.4;2.7;3.2;2.8;0.6;0.4;1.3;2.3;11.6
250;Jay Huff;C;23;LAL;4;0;5;0;0.8;0;0;0.5;0;0;0.3;0;0;0;0;0;0.3;0.8;1;0.3;0.3;0.3;0.3;0.3;0
251;Elijah Hughes;SF-SG;23;TOT;17;1;9.1;1.1;3.1;0.34;0.6;2.3;0.282;0.4;0.8;0.5;0.443;0.2;0.2;1;0.2;1.2;1.5;0.5;0.2;0.2;0.5;0.7;2.9
251;Elijah Hughes;SF;23;UTA;14;1;8;1.1;2.6;0.417;0.7;2;0.357;0.4;0.6;0.625;0.556;0.2;0.2;1;0.1;1.1;1.2;0.4;0.3;0.1;0.5;0.5;3.1
251;Elijah Hughes;SG;23;POR;3;0;14.3;1;5.7;0.176;0.3;3.7;0.091;0.7;2;0.333;0.206;0;0;0;0.7;2;2.7;1;0;0.7;0.3;1.7;2.3
252;De'Andre Hunter;SF;24;ATL;30;29;29.1;4.8;10.8;0.448;1.4;3.7;0.382;3.4;7.1;0.481;0.512;2;2.7;0.72;0.5;2.9;3.4;1.2;0.6;0.4;1.4;3;13
253;Chandler Hutchison;SF;25;PHO;6;0;3.7;0.2;0.3;0.5;0;0;0;0.2;0.3;0.5;0.5;0.3;0.3;1;0;0.8;0.8;0.3;0;0;0.7;0.2;0.7
254;Bones Hyland;PG;21;DEN;46;3;18;3;8;0.369;1.7;5;0.346;1.2;3.1;0.404;0.476;1.1;1.3;0.881;0.2;2.6;2.7;2;0.5;0.3;1.2;2.1;8.8
255;Serge Ibaka;C-PF;32;TOT;37;11;16;2.7;5.4;0.498;0.7;1.7;0.391;2;3.7;0.547;0.56;0.6;0.9;0.688;1.1;3.3;4.4;1;0.2;0.7;0.9;1.7;6.7
255;Serge Ibaka;C;32;LAC;35;10;15.4;2.7;5.5;0.49;0.7;1.8;0.387;2;3.7;0.538;0.552;0.6;0.8;0.69;1.1;3.1;4.3;1;0.2;0.7;0.9;1.6;6.6
255;Serge Ibaka;PF;32;MIL;2;1;27.5;3;4.5;0.667;0.5;1;0.5;2.5;3.5;0.714;0.722;1;1.5;0.667;0.5;5.5;6;0.5;0.5;0.5;0.5;4;7.5
256;Andre Iguodala;SF;38;GSW;26;0;19.9;1.5;3.9;0.392;0.5;2.3;0.23;1;1.6;0.634;0.461;0.5;0.6;0.813;0.7;2.6;3.3;3.8;0.8;0.8;0.9;1;4.1
257;Joe Ingles;SF;34;UTA;45;15;24.9;2.6;6.3;0.404;1.7;5;0.347;0.8;1.3;0.617;0.54;0.4;0.5;0.773;0.3;2.6;2.9;3.5;0.5;0.1;1;1.8;7.2
258;Brandon Ingram;SF;24;NOP;44;44;34.3;8.2;18.1;0.452;1.5;4.4;0.34;6.7;13.7;0.488;0.494;4.4;5.4;0.819;0.7;5;5.7;5.3;0.6;0.5;2.7;2.2;22.3
259;Kyrie Irving;PG;29;BRK;14;14;36.2;9.1;20.1;0.452;2.5;6.8;0.368;6.6;13.3;0.495;0.514;3.5;3.8;0.925;0.6;4.2;4.8;5.4;1.1;0.6;2.4;2.4;24.1
260;Wes Iwundu;SF;27;ATL;3;1;27.3;2.7;6;0.444;1;1.7;0.6;1.7;4.3;0.385;0.528;1;1.3;0.75;1;3.3;4.3;0;0.3;0;0.3;2.7;7.3
261;Frank Jackson;PG;23;DET;43;5;22.5;3.8;9.3;0.41;1.8;5.5;0.319;2.1;3.8;0.543;0.505;1.4;1.8;0.795;0.3;1.3;1.6;1;0.5;0.2;0.8;1.7;10.9
262;Isaiah Jackson;PF;20;IND;20;2;9.7;2.3;4.2;0.542;0.2;0.4;0.429;2.1;3.8;0.553;0.56;1.1;1.7;0.667;1.2;1.6;2.8;0.4;0.6;0.8;0.6;1.9;5.8
263;Jaren Jackson Jr.;PF;22;MEM;59;59;27.8;5.7;13.7;0.415;1.7;5.5;0.318;3.9;8.2;0.48;0.479;3.6;4.5;0.802;1.6;4.4;6;1.1;1;2.2;1.7;3.4;16.7
264;Josh Jackson;SF;24;TOT;40;3;17.8;2.6;6.3;0.407;0.8;2.9;0.261;1.8;3.5;0.529;0.466;1;1.4;0.714;0.4;2.7;3.1;1.2;0.5;0.5;1;1.8;6.9
264;Josh Jackson;SF;24;DET;39;3;18.1;2.6;6.4;0.41;0.8;2.9;0.265;1.9;3.5;0.529;0.47;1;1.4;0.714;0.4;2.7;3.2;1.3;0.5;0.5;1;1.8;7.1
264;Josh Jackson;SF;24;SAC;1;0;3;0;2;0;0;2;0;0;0;0;0;0;0;0;0;0;0;0;0;0;1;1;0
265;Justin Jackson;SF;26;TOT;7;0;5.3;0.7;2.1;0.333;0.4;1.3;0.333;0.3;0.9;0.333;0.433;0.3;0.3;1;0.1;0.9;1;0.3;0;0;0.1;0.4;2.1
265;Justin Jackson;SF;26;BOS;1;0;2;0;1;0;0;0;0;0;1;0;0;2;2;1;0;0;0;0;0;0;0;0;2
265;Justin Jackson;SF;26;PHO;6;0;5.8;0.8;2.3;0.357;0.5;1.5;0.333;0.3;0.8;0.4;0.464;0;0;0;0.2;1;1.2;0.3;0;0;0.2;0.5;2.2
266;Reggie Jackson;SG;31;LAC;56;56;30.9;6.3;16;0.395;2.3;7;0.325;4;9;0.45;0.467;1.7;2.1;0.835;0.5;3;3.4;4.4;0.7;0.2;2.2;2;16.6
267;LeBron James;SF;37;LAL;41;41;36.8;11;21.2;0.522;2.8;7.9;0.353;8.3;13.3;0.622;0.588;4.2;5.6;0.748;1.1;6.8;7.9;6.5;1.6;1;3.2;2.2;29.1
268;DeJon Jarreau;SG;24;IND;1;0;1;0;0;0;0;0;0;0;0;0;0;0;0;0;0;0;0;0;0;0;0;0;0
269;DaQuan Jeffries;SG;24;MEM;3;0;3;0.3;0.7;0.5;0;0.3;0;0.3;0.3;1;0.5;0;0;0;0;0.7;0.7;0.3;0;0;0;0.3;0.7
270;Ty Jerome;SG;24;OKC;48;4;16.7;2.6;6.8;0.378;1.1;3.9;0.29;1.5;3;0.493;0.46;0.8;1;0.809;0.4;1.2;1.6;2.3;0.6;0.1;0.8;1.5;7.1
271;Isaiah Joe;SG;22;PHI;41;1;12.2;1.2;3.5;0.352;0.9;2.7;0.33;0.3;0.8;0.424;0.479;0.5;0.5;0.952;0.1;1;1.1;0.7;0.3;0;0.4;0.9;3.8
272;Alize Johnson;PF;25;TOT;19;0;7.3;0.7;1.5;0.483;0;0.2;0;0.7;1.3;0.56;0.483;0.2;0.4;0.5;1.1;1.4;2.5;0.4;0.2;0;0.6;0.8;1.7
272;Alize Johnson;PF;25;CHI;16;0;7.6;0.8;1.4;0.522;0;0.1;0;0.8;1.3;0.571;0.522;0.3;0.4;0.571;1;1.3;2.3;0.5;0.2;0;0.5;0.9;1.8
272;Alize Johnson;PF;25;WAS;3;0;6;0.7;2;0.333;0;0.7;0;0.7;1.3;0.5;0.333;0;0.3;0;1.7;2.3;4;0;0;0;1;0;1.3
273;B.J. Johnson;SF;26;ORL;4;0;16.3;2.8;6.3;0.44;1;2.5;0.4;1.8;3.8;0.467;0.52;0;0;0;1.5;2.3;3.8;0;0;0.3;0;1;6.5
274;Cameron Johnson;PF;25;PHO;55;10;26;4.1;8.9;0.46;2.5;5.7;0.43;1.7;3.2;0.514;0.598;1.2;1.4;0.846;0.6;3.6;4.2;1.3;0.9;0.2;0.6;1.7;11.9
275;David Johnson;SG;20;TOR;2;0;1;0;0.5;0;0;0.5;0;0;0;0;0;0;0;0;0;0;0;0;0;0;0;0;0
276;Jalen Johnson;PF;20;ATL;14;0;4.6;0.6;1.4;0.45;0.2;0.6;0.375;0.4;0.9;0.5;0.525;0.3;0.4;0.667;0;1.1;1.1;0.1;0;0.1;0.2;0.2;1.8
277;James Johnson;PF;34;BRK;43;6;19.3;2.6;5.3;0.489;0.3;1.3;0.255;2.3;4;0.564;0.52;0.4;0.9;0.474;1;2.6;3.6;2;0.5;0.3;0.8;2.5;5.9
278;Joe Johnson;SG;40;BOS;1;0;2;1;1;1;0;0;0;1;1;1;1;0;0;0;0;0;0;0;0;0;0;0;2
279;Keldon Johnson;SF;22;SAS;55;54;31.3;5.8;12.5;0.467;1.9;4.5;0.425;3.9;8;0.491;0.544;2.1;2.8;0.748;1.1;4.9;6;1.8;0.8;0.1;1.3;1.9;15.7
280;Keon Johnson;SG;19;LAC;15;0;9;1.1;3.4;0.333;0.2;0.7;0.273;0.9;2.7;0.35;0.363;1.1;1.4;0.762;0.4;1;1.4;0.9;0.5;0.1;0.5;1.4;3.5
281;Stanley Johnson;PF;25;LAL;24;14;22;2.5;5.1;0.48;0.7;2.1;0.314;1.8;3;0.597;0.545;0.9;1.3;0.677;0.7;2.5;3.2;1.4;0.7;0.4;0.5;2.8;6.5
282;Tyler Johnson;PG;29;TOT;6;0;15.2;1;3.3;0.3;0.8;2.2;0.385;0.2;1.2;0.143;0.425;0;0;0;0.5;1.5;2;1.2;0.5;0.5;0.3;1.2;2.8
282;Tyler Johnson;PG;29;PHI;3;0;12.7;1.3;3.3;0.4;1;2.3;0.429;0.3;1;0.333;0.55;0;0;0;0.3;1.7;2;0.7;0.3;0.3;0.3;1.3;3.7
282;Tyler Johnson;PG;29;SAS;3;0;17.7;0.7;3.3;0.2;0.7;2;0.333;0;1.3;0;0.3;0;0;0;0.7;1.3;2;1.7;0.7;0.7;0.3;1;2
283;Nikola Joki?;C;26;DEN;52;52;33;9.9;17.4;0.57;1.6;4.3;0.372;8.3;13.1;0.635;0.616;4.5;5.6;0.808;2.8;11;13.8;7.9;1.3;0.8;3.8;2.5;26
284;Carlik Jones;PG;24;TOT;5;0;4.6;0.2;1.8;0.111;0;0.2;0;0.2;1.6;0.125;0.111;0.4;0.4;1;0.2;0.4;0.6;1;0.2;0;0.6;0;0.8
284;Carlik Jones;PG;24;DAL;3;0;6.3;0;2.3;0;0;0.3;0;0;2;0;0;0.7;0.7;1;0.3;0.7;1;1.7;0.3;0;1;0;0.7
284;Carlik Jones;PG;24;DEN;2;0;2;0.5;1;0.5;0;0;0;0.5;1;0.5;0.5;0;0;0;0;0;0;0;0;0;0;0;1
285;Damian Jones;C;26;SAC;37;5;15.2;2.4;3.8;0.638;0.1;0.4;0.357;2.3;3.4;0.669;0.656;1.3;1.8;0.727;1.4;2.5;3.9;1.1;0.3;0.6;1;2.1;6.3
286;Derrick Jones Jr.;PF;24;CHI;34;8;17.5;2.2;4.1;0.551;0.5;1.2;0.4;1.8;2.9;0.612;0.609;1.2;1.4;0.816;1.3;2.1;3.4;0.6;0.5;0.7;0.5;2.4;6.1
287;Herbert Jones;PF;23;NOP;55;46;29.9;3.6;7.2;0.501;0.7;1.9;0.362;2.9;5.3;0.551;0.549;1.7;1.9;0.85;1.3;2.6;3.9;2.1;1.5;0.9;1.2;3.1;9.6
288;Jemerrio Jones;SF;26;LAL;2;0;7.5;1;1.5;0.667;0;0;0;1;1.5;0.667;0.667;0;0;0;1;0.5;1.5;0;0.5;0;0;1;2
289;Kai Jones;C;21;CHO;17;0;2.8;0.4;0.6;0.636;0.1;0.1;0.5;0.4;0.5;0.667;0.682;0.1;0.2;0.25;0.1;0.4;0.5;0.2;0;0;0.3;0.3;0.9
290;Mason Jones;SG;23;LAL;2;0;4.5;1;4;0.25;0;1;0;1;3;0.333;0.25;0.5;1;0.5;0.5;0.5;1;0;0.5;0;0.5;0.5;2.5
291;Tre Jones;PG;22;SAS;46;4;13.5;2;4;0.5;0.1;0.4;0.15;1.9;3.5;0.543;0.508;0.8;0.9;0.878;0.4;1.5;1.8;2.4;0.4;0;0.5;0.9;4.8
292;Tyus Jones;PG;25;MEM;53;14;20.7;3.2;7;0.461;0.9;2.5;0.358;2.3;4.5;0.519;0.526;0.7;0.8;0.867;0.2;2.2;2.5;4.2;0.9;0;0.7;0.4;8.1
293;DeAndre Jordan;C;33;LAL;31;19;12.9;1.9;2.8;0.67;0;0;0;1.9;2.8;0.67;0.67;0.4;0.8;0.48;1.6;3.9;5.5;0.4;0.3;0.8;0.6;1.6;4.2
294;Cory Joseph;PG;30;DET;47;21;24.4;2.8;6.2;0.452;1;2.4;0.432;1.8;3.9;0.464;0.534;1.4;1.7;0.85;0.4;2.1;2.5;3.9;0.7;0.3;1.4;2.2;8.1
295;Georgios Kalaitzakis;SF;23;MIL;9;0;5.3;0.6;1.2;0.455;0.2;0.4;0.5;0.3;0.8;0.429;0.545;0.4;1;0.444;0.4;0.4;0.9;0;0.1;0.1;0.4;0.9;1.8
296;Frank Kaminsky;C;28;PHO;9;0;20.1;4;7.3;0.545;0.6;1.7;0.333;3.4;5.7;0.608;0.583;2;2.2;0.9;1.2;3.3;4.6;1.4;0.9;0.8;0.6;1.6;10.6
297;Luke Kennard;SG;25;LAC;49;10;27.9;4;9.1;0.439;2.6;6.1;0.434;1.4;3;0.45;0.584;0.9;1;0.882;0.2;3.3;3.6;2.2;0.6;0.1;0.8;1.6;11.6
298;Braxton Key;SF;24;PHI;2;0;3;0.5;1;0.5;0;0.5;0;0.5;0.5;1;0.5;0;0;0;0.5;0.5;1;0.5;0.5;0;1;0.5;1
299;George King;SF;28;DAL;4;0;4.8;0;1.3;0;0;1;0;0;0.3;0;0;0.3;0.5;0.5;0;1.3;1.3;0;0;0;0.3;1;0.3
300;Louis King;SF;22;SAC;10;0;10.4;1.5;4.7;0.319;0.8;2.7;0.296;0.7;2;0.35;0.404;0.7;1;0.7;0;1.2;1.2;0.9;0.2;0.1;0;1.4;4.5
301;Corey Kispert;SF;22;WAS;52;11;19.6;2.4;5.7;0.423;1;3.3;0.31;1.4;2.4;0.581;0.513;0.7;0.8;0.884;0.7;1.9;2.6;0.9;0.3;0.3;0.6;0.9;6.6
302;Maxi Kleber;PF;30;DAL;41;20;25.3;2.6;6.1;0.424;1.7;4.5;0.366;0.9;1.6;0.594;0.56;0.8;1.1;0.773;1.2;4.8;6;1.1;0.5;1;0.7;2.3;7.7
303;Brandon Knight;PG;30;DAL;3;0;18;3;6.7;0.45;1.3;4.3;0.308;1.7;2.3;0.714;0.55;2.7;2.7;1;0;2.3;2.3;2.7;0.3;0;1.3;1.7;10
304;Nathan Knight;PF;24;MIN;28;2;6.9;1;2;0.482;0.1;0.3;0.25;0.9;1.7;0.521;0.5;1.1;1.6;0.711;0.8;1.3;2.1;0.5;0.1;0.3;0.4;1;3.1
305;Kevin Knox;SF;22;TOT;21;0;8;1;2.9;0.344;0.5;1.9;0.282;0.5;1;0.455;0.434;0.5;0.7;0.714;0.5;1.1;1.7;0.4;0.1;0;0.3;0.5;3
305;Kevin Knox;SF;22;NYK;13;0;8.5;1.2;3.1;0.375;0.8;2.2;0.357;0.4;0.9;0.417;0.5;0.5;0.8;0.7;0.6;1.1;1.7;0.2;0.2;0.1;0.4;0.4;3.6
305;Kevin Knox;SF;22;ATL;8;0;7.1;0.8;2.6;0.286;0.1;1.4;0.091;0.6;1.3;0.5;0.31;0.4;0.5;0.75;0.4;1.3;1.6;0.6;0.1;0;0.3;0.8;2
306;John Konchar;SG;25;MEM;52;6;18.6;1.8;3.6;0.495;0.8;1.8;0.421;1;1.8;0.57;0.601;0.4;0.7;0.595;1.1;3.3;4.4;1.4;0.7;0.3;0.4;1.3;4.8
307;Furkan Korkmaz;SG;24;PHI;50;18;23.9;3.2;8.1;0.391;1.3;4.5;0.29;1.9;3.6;0.517;0.472;1.2;1.4;0.833;0.3;2.6;2.9;2.3;0.6;0.1;0.8;1;8.8
308;Luke Kornet;C;26;TOT;4;0;6.8;0.3;2.3;0.111;0;0.5;0;0.3;1.8;0.143;0.111;0.5;0.8;0.667;0.8;0.8;1.5;0.5;0.3;0.3;0;0.5;1
308;Luke Kornet;C;26;CLE;2;0;7.5;0.5;2.5;0.2;0;0.5;0;0.5;2;0.25;0.2;1;1.5;0.667;1;0.5;1.5;0.5;0;0.5;0;0.5;2
308;Luke Kornet;C;26;MIL;1;0;3;0;1;0;0;0;0;0;1;0;0;0;0;0;1;0;1;0;0;0;0;1;0
308;Luke Kornet;C;26;BOS;1;0;9;0;3;0;0;1;0;0;2;0;0;0;0;0;0;2;2;1;1;0;0;0;0
309;Vit Krejci;SG;21;OKC;6;0;5.2;0.3;1;0.333;0;0.7;0;0.3;0.3;1;0.333;0.3;0.3;1;0;0.8;0.8;0.3;0;0;0.3;0.3;1
310;Arnoldas Kulboka;SF;24;CHO;1;0;3;0;0;0;0;0;0;0;0;0;0;0;0;0;0;0;0;0;0;0;0;0;0
311;Jonathan Kuminga;SF;19;GSW;47;7;14.5;2.9;5.7;0.511;0.6;1.9;0.322;2.3;3.9;0.602;0.563;1.5;2.3;0.655;0.6;2.2;2.8;0.7;0.4;0.2;0.9;1.9;8
312;Kyle Kuzma;PF;26;WAS;54;54;33.2;6.2;13.6;0.453;1.9;5.6;0.338;4.3;8.1;0.533;0.522;2.3;3.2;0.701;1.1;7.7;8.8;3.1;0.6;0.9;2.3;1.8;16.5
313;Anthony Lamb;SF;24;SAS;2;0;4;0;1;0;0;1;0;0;0;0;0;0;0;0;0;0.5;0.5;1;0;0;0;0;0
314;Jeremy Lamb;SF-SG;29;TOT;40;0;16.1;2.2;6;0.372;1.1;3.1;0.336;1.2;2.9;0.412;0.46;1.8;2.1;0.843;0.4;2.1;2.5;1.4;0.6;0.4;0.6;1.1;7.3
314;Jeremy Lamb;SF;29;IND;39;0;15.7;2.2;5.8;0.373;1;3;0.333;1.2;2.8;0.414;0.458;1.7;2.1;0.838;0.4;2;2.4;1.3;0.6;0.4;0.6;1.1;7.1
314;Jeremy Lamb;SG;29;SAC;1;0;31;4;11;0.364;3;8;0.375;1;3;0.333;0.5;3;3;1;0;6;6;5;0;2;1;1;14
315;Jock Landale;C;26;SAS;36;1;10.2;1.8;3.6;0.488;0.6;1.6;0.351;1.2;2;0.597;0.566;0.6;0.7;0.84;1.1;1.1;2.2;0.9;0.2;0.3;0.6;0.9;4.6
316;Romeo Langford;SG;22;BOS;44;5;16.5;1.8;4.2;0.429;0.7;1.9;0.349;1.1;2.3;0.495;0.508;0.5;0.8;0.588;0.7;1.7;2.4;0.4;0.5;0.4;0.4;1;4.7
317;Zach LaVine;SF;26;CHI;47;47;34.6;8.7;18.1;0.482;2.9;7.2;0.399;5.9;11;0.536;0.561;4.2;4.9;0.869;0.3;4.6;4.9;4.5;0.6;0.4;2.7;1.7;24.6
318;Jake Layman;SF;27;MIN;23;1;7.3;0.8;2.1;0.367;0.2;1.1;0.154;0.6;1;0.609;0.408;0.3;0.3;0.75;0.2;0.9;1;0.3;0.3;0.2;0.3;0.4;2
319;Damion Lee;SG;29;GSW;47;3;20.3;2.9;6.4;0.452;1.2;3.3;0.37;1.7;3.1;0.538;0.547;0.9;1;0.851;0.4;2.7;3.1;0.9;0.7;0.1;0.6;1.4;7.8
320;Saben Lee;PG;22;DET;28;0;14.5;1.6;4.4;0.377;0.4;1.6;0.273;1.2;2.8;0.436;0.426;1.2;1.5;0.767;0.4;2;2.4;2.3;0.9;0.4;0.9;0.9;4.9
321;Alex Len;C;28;SAC;33;9;16.9;2.5;4.7;0.529;0.2;0.6;0.316;2.3;4.1;0.559;0.548;1.1;1.7;0.643;1.5;3.2;4.6;1.2;0.4;0.8;1.2;2.7;6.2
322;Caris LeVert;SG;27;TOT;43;40;31.1;7;15.8;0.443;1.5;4.7;0.32;5.5;11.1;0.495;0.49;2.7;3.5;0.76;0.7;2.9;3.6;4.4;1;0.4;1.9;2.3;18.2
322;Caris LeVert;SG;27;IND;39;39;31.1;7.1;15.9;0.447;1.6;4.8;0.323;5.6;11.1;0.501;0.496;2.8;3.7;0.76;0.8;3.1;3.8;4.4;0.9;0.5;1.9;2.3;18.7
322;Caris LeVert;SG;27;CLE;4;1;31;5.8;14.5;0.397;1;3.5;0.286;4.8;11;0.432;0.431;0.8;1;0.75;0.3;1.3;1.5;3.8;1.5;0.3;1.5;1.8;13.3
323;Kira Lewis Jr.;PG;20;NOP;24;0;14.2;2.5;6.1;0.404;0.5;2.4;0.224;1.9;3.7;0.523;0.449;0.4;0.5;0.833;0.4;1.3;1.6;2;0.5;0;1.1;0.7;5.9
324;Scottie Lewis;SG;21;CHO;2;0;3.5;0;0;0;0;0;0;0;0;0;0;0.5;1;0.5;0;0;0;0.5;0.5;0;0;0;0.5
325;Damian Lillard;PG;31;POR;29;29;36.4;7.7;19;0.402;3.2;9.8;0.324;4.5;9.2;0.485;0.486;5.5;6.2;0.878;0.4;3.7;4.1;7.3;0.6;0.4;2.9;1.3;24
326;Nassir Little;SF;21;POR;42;23;25.9;3.5;7.5;0.46;1.2;3.7;0.331;2.2;3.8;0.584;0.541;1.6;2.2;0.734;1.4;4.2;5.6;1.3;0.6;0.9;1;2;9.8
327;Isaiah Livers;SF;23;DET;1;0;5;0;2;0;0;2;0;0;0;0;0;0;0;0;0;0;0;0;1;1;1;1;0
328;Kevon Looney;C;25;GSW;59;59;21.4;2.6;4.8;0.548;0;0;0;2.6;4.7;0.55;0.548;1.1;1.7;0.631;2.7;4.8;7.6;1.7;0.6;0.7;0.9;2.7;6.3
329;Brook Lopez;C;33;MIL;1;1;28;3;9;0.333;2;4;0.5;1;5;0.2;0.444;0;0;0;2;3;5;0;1;3;0;3;8
330;Robin Lopez;C;33;ORL;27;9;17.3;3.4;6;0.571;0.1;0.2;0.4;3.3;5.8;0.577;0.578;0.9;1.5;0.575;2;1.6;3.6;1.6;0;0.6;1.3;1.9;7.7
331;Didi Louzada;SF;22;NOP;2;0;3.5;0;1.5;0;0;1.5;0;0;0;0;0;0;0;0;1;0;1;0.5;0;0;0;0;0
332;Kevin Love;PF;33;CLE;50;2;22.3;4.5;10.7;0.426;2.5;6.4;0.393;2;4.2;0.476;0.544;2.7;3.2;0.854;1.2;6.2;7.3;2.1;0.3;0.2;1.3;1.2;14.3
333;Kyle Lowry;PG;35;MIA;45;45;34;4.3;10.3;0.42;2.1;6;0.344;2.2;4.3;0.526;0.521;2.3;2.7;0.846;0.6;3.9;4.5;8;1.2;0.3;3;2.8;13
334;Timothé Luwawu-Cabarrot;SF;26;ATL;36;12;12.6;1.4;3.6;0.385;0.9;2.4;0.368;0.5;1.2;0.419;0.508;0.5;0.6;0.85;0.3;1.1;1.4;0.7;0.4;0.1;0.4;1.3;4.1
335;Trey Lyles;PF;26;TOT;53;3;18.8;3.3;7.3;0.459;0.8;2.8;0.301;2.5;4.5;0.554;0.516;2.6;3.3;0.784;1.1;3.5;4.7;1.1;0.4;0.5;1.1;1.7;10.1
335;Trey Lyles;PF;26;DET;51;3;19.4;3.4;7.5;0.456;0.9;2.9;0.301;2.6;4.7;0.55;0.513;2.7;3.5;0.784;1.2;3.6;4.8;1.1;0.4;0.5;1.1;1.8;10.4
335;Trey Lyles;PF;26;SAC;2;0;4;1;1;1;0;0;0;1;1;1;1;0;0;0;0;1.5;1.5;0;0;0;1;0.5;2
336;Théo Maledon;PG;20;OKC;31;0;14.2;1.3;4.2;0.318;0.5;2.1;0.231;0.8;2.1;0.406;0.376;1.2;1.4;0.857;0.3;1.4;1.6;1.2;0.5;0.2;0.9;1.1;4.3
337;Sandro Mamukelashvili;PF;22;MIL;33;2;9.5;1.2;2.6;0.459;0.5;1.2;0.385;0.7;1.4;0.522;0.547;0.3;0.4;0.75;0.8;0.9;1.8;0.5;0.2;0.2;0.3;0.6;3.1
338;Terance Mann;SF;25;LAC;59;23;28.9;4;8.4;0.481;1;2.7;0.356;3.1;5.7;0.54;0.538;1.3;1.8;0.736;1.3;3.9;5.2;2.4;0.7;0.1;1;2.2;10.4
339;Tre Mann;PG;20;OKC;45;13;20;3.2;8.3;0.383;1.4;3.8;0.365;1.8;4.5;0.399;0.466;0.9;1.2;0.75;0.3;1.9;2.2;1;0.7;0.2;0.8;1.7;8.7
340;Boban Marjanovi?;C;33;DAL;17;0;5.8;2.1;3.4;0.632;0.1;0.2;0.333;2.1;3.2;0.648;0.64;0.5;0.9;0.5;0.4;1.4;1.8;0.1;0;0.1;0.6;1.2;4.8
341;Lauri Markkanen;PF;24;CLE;38;38;30.2;4.9;11.3;0.436;2;5.9;0.342;2.9;5.4;0.539;0.526;1.7;1.9;0.863;1.1;4.2;5.3;1.5;0.8;0.6;0.8;1.8;13.6
342;Naji Marshall;SF;24;NOP;32;0;9.6;1.3;3.4;0.37;0.3;1.5;0.213;0.9;1.9;0.492;0.417;0.9;1.1;0.857;0.5;1.6;2.1;0.8;0.4;0.1;0.8;0.9;3.8
343;Caleb Martin;SF;26;MIA;44;10;22.9;3.7;7.2;0.506;1;2.6;0.379;2.7;4.6;0.579;0.575;1.2;1.6;0.739;1.3;2.7;4;1;1;0.5;0.8;1.6;9.5
344;Cody Martin;SF;26;CHO;49;11;27.2;2.9;6.5;0.454;1;2.4;0.41;2;4.1;0.48;0.53;1.1;1.7;0.671;1.2;3;4.2;2.6;1.3;0.5;0.9;1.7;8
345;Kelan Martin;SF;26;IND;27;1;16.4;2.6;6.2;0.417;0.8;2.7;0.297;1.8;3.5;0.511;0.482;0.3;0.5;0.692;0.6;1.4;2;0.8;0.5;0.3;0.5;1.3;6.3
346;Kenyon Martin Jr.;SF;21;HOU;54;0;19.9;3.5;6.5;0.53;0.6;1.8;0.306;2.9;4.7;0.616;0.572;1.1;1.6;0.648;1.2;2.8;3.9;1.3;0.4;0.5;0.8;1.3;8.5
347;Garrison Mathews;SG;25;HOU;40;18;27.3;3.3;7.9;0.413;2.4;6.5;0.372;0.8;1.4;0.611;0.567;2.6;3.2;0.813;0.6;2.8;3.4;1;0.7;0.4;0.7;2.9;11.5
348;Dakota Mathias;SG;26;MEM;6;0;2.7;0.3;1;0.333;0.3;1;0.333;0;0;0;0.5;0;0;0;0;0.3;0.3;0.2;0.2;0;0;0.2;1
349;Wesley Matthews;SG;35;MIL;29;6;19.2;1.8;4.5;0.408;1.1;3.2;0.34;0.7;1.2;0.583;0.531;0.2;0.3;0.6;0.5;1.3;1.9;0.7;0.4;0.2;0.4;1.9;5
350;Tyrese Maxey;PG;21;PHI;50;49;35.5;6.3;13.4;0.472;1.4;3.5;0.395;4.9;9.9;0.499;0.524;2.8;3.2;0.863;0.4;3.2;3.6;4.6;0.7;0.5;1.2;2.1;16.9
351;Skylar Mays;SG;24;ATL;23;5;9;1.3;2.7;0.508;0.3;1.1;0.32;1;1.6;0.639;0.574;0.3;0.4;0.889;0.2;0.9;1.1;0.7;0.3;0;0.4;0.3;3.4
352;Miles McBride;PG;21;NYK;21;2;7.2;0.7;2.8;0.259;0.2;1.5;0.161;0.5;1.3;0.37;0.302;0.1;0.2;0.75;0.1;0.7;0.8;1.1;0.4;0;0.1;0.7;1.8
353;Mac McClung;PG;23;CHI;1;0;3;1;1;1;0;0;0;1;1;1;1;0;0;0;0;0;0;0;0;0;1;0;2
354;CJ McCollum;SG;30;TOT;40;40;35.3;8.3;18.7;0.444;3;8;0.379;5.3;10.7;0.492;0.525;1.5;2;0.725;1;3.6;4.5;4.6;1;0.5;2;2.1;21.1
354;CJ McCollum;SG;30;POR;36;36;35.2;8.1;18.5;0.436;3.1;8;0.384;5;10.4;0.476;0.52;1.3;1.9;0.706;0.9;3.3;4.3;4.5;1;0.6;1.9;2.1;20.5
354;CJ McCollum;SG;30;NOP;4;4;35.8;10.5;20.8;0.506;2.5;7.5;0.333;8;13.3;0.604;0.566;2.5;3;0.833;1.3;5.8;7;5.5;1.3;0;2;1.5;26
355;T.J. McConnell;PG;29;IND;24;6;24.2;3.8;7.5;0.503;0.3;1;0.28;3.5;6.5;0.538;0.522;0.5;0.6;0.8;0.8;2.5;3.3;4.8;1;0.4;1.2;1.8;8.4
356;Jaden McDaniels;PF;21;MIN;56;24;26.3;3.5;7.9;0.445;1.1;3.6;0.296;2.5;4.4;0.566;0.511;0.8;1;0.789;1.2;3.1;4.3;1.2;0.8;0.7;1.1;3.2;8.9
357;Jalen McDaniels;SF;24;CHO;39;2;17.6;2.5;5.1;0.492;0.8;2.2;0.372;1.7;2.8;0.586;0.574;0.8;1.2;0.674;0.7;2.7;3.5;1.1;0.5;0.4;0.8;1.8;6.6
358;Doug McDermott;PF;30;SAS;43;43;24.5;4.5;9.5;0.471;2.3;5.3;0.441;2.2;4.3;0.508;0.593;0.6;0.8;0.75;0.4;2.1;2.5;1.2;0.3;0.1;0.8;1.6;11.9
359;JaVale McGee;C;34;PHO;52;14;16.1;4.3;6.5;0.657;0;0.1;0.333;4.2;6.4;0.663;0.66;1.4;2;0.683;2.3;4.6;6.9;0.6;0.3;1;1.4;2.5;9.9
360;Cameron McGriff;SF;24;POR;3;0;15.3;1.7;4.7;0.357;0.7;2;0.333;1;2.7;0.375;0.429;0.7;0.7;1;2;3;5;1;0;0.3;0;2.3;4.7
361;Rodney McGruder;SG;30;DET;33;1;13.5;1.7;3.7;0.451;0.9;2.2;0.397;0.8;1.5;0.531;0.57;0.3;0.4;0.714;0.5;1.4;1.9;0.8;0.4;0.1;0.4;1;4.5
362;Alfonzo McKinnie;SF;29;CHI;17;3;12.1;1.4;3.6;0.393;0.5;1.6;0.333;0.9;2;0.441;0.467;0.1;0.5;0.25;0.8;1.2;1.9;0.3;0.1;0.2;0.4;1.5;3.5
363;JaQuori McLaughlin;PG;24;DAL;4;0;2.8;0;0.5;0;0;0.3;0;0;0.3;0;0;0;0;0;0;0;0;0.5;0;0;0;0.3;0
364;Jordan McLaughlin;PG;25;MIN;41;3;12.5;1.1;3;0.377;0.2;1.1;0.191;0.9;1.8;0.493;0.414;0.6;0.8;0.742;0.2;1.1;1.3;2.8;0.7;0.1;0.5;0.6;3
365;Ben McLemore;SG;28;POR;42;6;18.8;3.1;7.7;0.397;2.3;6.1;0.374;0.8;1.6;0.485;0.545;0.7;0.9;0.784;0.3;1.3;1.6;0.9;0.4;0.1;0.6;1.4;9.1
366;De'Anthony Melton;SG;23;MEM;51;13;22.7;3.6;9.3;0.387;1.6;4.7;0.343;2;4.6;0.432;0.474;1.1;1.6;0.713;1;3.5;4.5;2.7;1.6;0.5;1.4;1.7;9.9
367;Sam Merrill;SG;25;MEM;6;0;9.7;1.3;4;0.333;1.2;3.8;0.304;0.2;0.2;1;0.479;0.3;0.7;0.5;0.2;1;1.2;0.7;0;0;0.3;0.5;4.2
368;Chimezie Metu;C;24;SAC;42;20;22.2;3.4;7.8;0.436;1;3.4;0.28;2.5;4.4;0.557;0.497;1.2;1.6;0.773;0.7;5.2;5.9;1.1;0.8;0.6;1;1.4;9
369;Khris Middleton;SF;30;MIL;47;47;32;6.6;14.9;0.442;2.3;6.3;0.364;4.3;8.7;0.499;0.519;4;4.5;0.886;0.6;4.9;5.5;5.3;1.2;0.3;3;2.5;19.4
370;C.J. Miles;SG;34;BOS;1;0;2;0;0;0;0;0;0;0;0;0;0;0;0;0;0;0;0;0;0;0;0;1;0
371;Patty Mills;PG;33;BRK;57;40;31.1;4.7;11.1;0.422;3.2;7.7;0.414;1.5;3.4;0.438;0.565;0.7;0.8;0.87;0.2;1.9;2.2;2.6;0.7;0.3;1;1.5;13.2
372;Paul Millsap;PF;36;TOT;25;0;11.2;1.4;3.6;0.385;0.3;1.2;0.276;1.1;2.5;0.435;0.429;0.5;0.8;0.684;1.3;2.4;3.7;1;0.2;0.4;0.4;2;3.6
372;Paul Millsap;PF;36;BRK;24;0;11.3;1.3;3.5;0.376;0.3;1.1;0.222;1.1;2.4;0.448;0.412;0.5;0.7;0.706;1.2;2.5;3.7;1;0.2;0.5;0.5;2;3.4
372;Paul Millsap;PF;36;PHI;1;0;9;3;6;0.5;2;2;1;1;4;0.25;0.667;1;2;0.5;3;0;3;1;0;0;0;1;9
373;Shake Milton;PG;25;PHI;30;6;24.7;3.8;9.3;0.414;0.8;2.8;0.301;3;6.5;0.462;0.459;1.6;1.8;0.87;0.6;2.5;3.1;2.9;0.7;0.4;1.2;2.1;10.1
374;Davion Mitchell;PG;23;SAC;53;8;26;4.3;10.5;0.406;1.4;4.3;0.326;2.8;6.2;0.462;0.473;0.5;0.8;0.558;0.6;1.8;2.4;3.5;0.7;0.3;1.2;1.9;10.4
375;Donovan Mitchell;SG;25;UTA;46;46;33.4;9.3;20.3;0.456;3.3;9.5;0.351;5.9;10.8;0.548;0.538;3.9;4.5;0.873;0.9;3.3;4.2;5.2;1.6;0.3;2.9;2.4;25.7
376;Evan Mobley;PF;20;CLE;50;50;34.1;6;12;0.503;0.4;1.4;0.265;5.7;10.6;0.534;0.518;2.4;3.6;0.672;1.9;6.2;8.1;2.6;0.8;1.6;2;2;14.9
377;Malik Monk;SG;23;LAL;52;19;27.1;4.8;10.1;0.471;2.3;5.6;0.399;2.5;4.5;0.56;0.582;1.2;1.5;0.772;0.4;2.9;3.3;2.4;0.7;0.4;1.4;1.7;13
378;Greg Monroe;C;31;TOT;10;0;15.1;2.4;4.4;0.545;0;0;0;2.4;4.4;0.545;0.545;0.7;1.4;0.5;2.3;2.9;5.2;1.4;0.6;0.7;0.9;1.6;5.5
378;Greg Monroe;C;31;MIN;3;0;21;3;4.7;0.643;0;0;0;3;4.7;0.643;0.643;0.7;1.7;0.4;1.7;5.3;7;3.7;0.7;1.3;1.3;2.3;6.7
378;Greg Monroe;C;31;WAS;2;0;9;2;4;0.5;0;0;0;2;4;0.5;0.5;0;0;0;3.5;1.5;5;0.5;0.5;0.5;1;1;4
378;Greg Monroe;C;31;MIL;5;0;14;2.2;4.4;0.5;0;0;0;2.2;4.4;0.5;0.5;1;1.8;0.556;2.2;2;4.2;0.4;0.6;0.4;0.6;1.4;5.4
379;Moses Moody;SG;19;GSW;34;4;9.5;1.1;3;0.376;0.6;1.8;0.306;0.6;1.1;0.487;0.47;0.4;0.5;0.824;0.2;1.1;1.4;0.3;0.1;0.2;0.2;0.7;3.2
380;Xavier Moon;SG;27;LAC;6;0;13.8;2.3;5.7;0.412;0.5;1.7;0.3;1.8;4;0.458;0.456;0.3;0.5;0.667;0.2;1.3;1.5;1.7;0.8;0.2;0.5;0.7;5.5
381;Matt Mooney;SG;24;NYK;1;0;2;0;1;0;0;1;0;0;0;0;0;0;0;0;0;0;0;0;1;0;1;0;0
382;Ja Morant;PG;22;MEM;46;46;33.2;10;20.2;0.495;1.5;4.5;0.33;8.5;15.7;0.542;0.532;5.3;7;0.755;1.3;4.5;5.8;6.9;1.2;0.4;3.4;1.5;26.8
383;Juwan Morgan;PF;24;TOR;1;0;27;2;3;0.667;1;2;0.5;1;1;1;0.833;0;0;0;2;2;4;1;0;0;0;3;5
384;Jaylen Morris;SG;26;SAS;3;0;5.3;0;2;0;0;0.7;0;0;1.3;0;0;0.7;1.3;0.5;0;0.7;0.7;0.7;0;0;0.3;0.7;0.7
385;Marcus Morris;PF;32;LAC;35;35;30.1;5.9;13.4;0.436;2.1;5.4;0.383;3.8;8.1;0.472;0.513;2.1;2.5;0.831;0.6;4.2;4.8;2.1;0.5;0.3;1.2;2.3;15.9
386;Markieff Morris;PF;32;MIA;10;0;18.7;3.2;7;0.457;0.8;2.2;0.364;2.4;4.8;0.5;0.514;0.5;0.5;1;1.3;1.5;2.8;1.4;0.3;0.1;1.2;2.2;7.7
387;Monte Morris;PG;26;DEN;52;51;30;5.1;10.7;0.476;1.6;4.3;0.375;3.5;6.4;0.544;0.551;0.9;1;0.852;0.4;2.6;3;4.3;0.7;0.2;1;1.2;12.7
388;Emmanuel Mudiay;PG;25;SAC;2;0;5.5;0;1;0;0;0;0;0;1;0;0;1.5;2;0.75;0;0;0;2;0.5;0;0.5;0.5;1.5
389;Mychal Mulder;PG;27;ORL;15;2;13;1.3;4.5;0.299;0.9;3.1;0.283;0.5;1.4;0.333;0.396;0.1;0.1;1;0.1;1.3;1.4;0.2;0.3;0.1;0.5;0.8;3.7
390;Ade Murkey;SG;24;SAC;1;0;1;0;0;0;0;0;0;0;0;0;0;0;0;0;0;0;0;0;0;0;0;0;0
391;Trey Murphy III;SF;21;NOP;41;0;12.7;1.2;3.6;0.338;0.9;2.6;0.336;0.3;1;0.341;0.459;0.6;0.7;0.857;0.7;1.5;2.1;0.5;0.3;0.1;0.3;1;3.9
392;Dejounte Murray;PG;25;SAS;52;52;34.4;8.2;17.9;0.459;1.3;4;0.319;6.9;13.9;0.5;0.495;2.2;2.9;0.758;1.3;7;8.3;9.3;2;0.3;2.4;2;19.9
393;Mike Muscala;C;30;OKC;43;0;13.8;2.6;5.8;0.456;1.6;3.8;0.429;1;2;0.506;0.597;1.1;1.3;0.842;0.5;2.5;3;0.5;0.4;0.6;0.3;1.3;8
394;Svi Mykhailiuk;SF;24;TOR;43;5;15.2;1.9;4.8;0.401;0.8;2.7;0.304;1.1;2.1;0.522;0.486;0.6;0.7;0.844;0.5;1.6;2.1;0.9;0.6;0.1;0.7;1.1;5.3
395;Abdel Nader;SF;28;PHO;14;0;10.4;0.9;2.5;0.343;0.3;1;0.286;0.6;1.5;0.381;0.4;0.4;0.7;0.6;0.3;1.6;1.9;0.5;0.6;0.3;0.8;1.4;2.4
396;Larry Nance Jr.;PF;29;POR;37;11;23.2;2.8;5.4;0.515;0.5;1.7;0.306;2.2;3.7;0.61;0.563;0.9;1.3;0.653;1.6;4.1;5.6;2;1;0.4;0.7;1.8;6.9
397;RJ Nembhard Jr.;SG;22;CLE;7;0;6.3;0.7;1.6;0.455;0;0.1;0;0.7;1.4;0.5;0.455;0.1;0.3;0.5;0;0.3;0.3;1.4;0;0;0.3;0.3;1.6
398;Aaron Nesmith;SF;22;BOS;41;1;10.8;1.3;3.5;0.378;0.5;2.2;0.236;0.8;1.3;0.611;0.451;0.4;0.5;0.842;0.3;1.4;1.7;0.3;0.3;0.1;0.6;1.3;3.5
399;Raul Neto;PG;29;WAS;48;4;20.3;3;6.6;0.45;0.4;1.9;0.236;2.5;4.8;0.533;0.483;1.3;1.7;0.753;0.2;1.8;2;2.8;0.8;0;1.3;1.6;7.7
400;Malik Newman;PG;24;CLE;1;0;8;3;5;0.6;0;1;0;3;4;0.75;0.6;2;2;1;0;1;1;1;0;0;1;0;8
401;Georges Niang;PF;28;PHI;53;5;23.1;3.3;7.6;0.431;1.9;4.8;0.393;1.4;2.8;0.497;0.556;0.8;0.9;0.878;0.4;2.3;2.7;1.5;0.4;0.2;0.8;2.6;9.3
402;Daishen Nix;SG;19;HOU;8;0;8.4;1.6;2.5;0.65;0.4;0.9;0.429;1.3;1.6;0.769;0.725;0.1;0.4;0.333;0.1;1.1;1.3;1.3;0.9;0;1.1;0.4;3.8
403;Zeke Nnaji;PF;21;DEN;39;1;16.7;2.4;4.5;0.54;0.9;1.9;0.487;1.5;2.6;0.58;0.645;1;1.6;0.613;1.4;2.3;3.7;0.4;0.3;0.3;0.5;1.9;6.8
404;Nerlens Noel;C;27;NYK;25;11;22.5;1.3;2.4;0.533;0;0.1;0;1.3;2.3;0.561;0.533;0.8;1.2;0.7;1.9;3.7;5.6;0.9;1.2;1.2;0.8;2.7;3.4
405;Jaylen Nowell;SG;22;MIN;42;1;14.6;3;6.3;0.466;0.9;2.3;0.371;2.1;4;0.521;0.534;1;1.3;0.745;0.4;1.6;2;2.1;0.5;0.1;0.5;1.1;7.7
406;Frank Ntilikina;PG;23;DAL;47;5;12.5;1.5;4;0.379;0.7;2.1;0.34;0.8;1.9;0.422;0.468;0.5;0.5;0.958;0.1;1.2;1.3;1.1;0.5;0.1;0.6;1.1;4.3
407;Jusuf Nurki?;C;27;POR;56;56;28.2;5.7;10.7;0.535;0.3;1;0.268;5.5;9.7;0.563;0.548;3.3;4.8;0.69;3;8.1;11.1;2.8;1.1;0.6;2.6;3.4;15
408;David Nwaba;SF;29;HOU;37;4;13.6;1.9;4;0.473;0.3;1;0.263;1.6;3;0.545;0.507;1.1;1.5;0.719;0.9;2.8;3.7;0.8;0.6;0.5;0.5;1.2;5.2
409;Jordan Nwora;SF;23;MIL;45;9;19.3;3.2;7.8;0.407;1.4;3.9;0.36;1.8;3.9;0.454;0.497;0.4;0.5;0.762;0.7;3;3.7;1;0.5;0.3;1;1.2;8.1
410;Royce O'Neale;SF;28;UTA;54;54;31.4;2.7;5.6;0.49;1.5;3.7;0.406;1.2;1.8;0.663;0.627;0.6;0.8;0.795;0.8;4.2;4.9;2.5;1.3;0.5;0.9;2.4;7.6
411;Semi Ojeleye;PF;27;TOT;21;0;14.9;0.9;3.4;0.25;0.5;2;0.262;0.3;1.4;0.233;0.326;0.5;0.6;0.769;1.2;1.6;2.8;0.2;0.2;0.2;0.3;1.2;2.7
411;Semi Ojeleye;PF;27;MIL;20;0;15.4;0.9;3.5;0.257;0.6;2.1;0.268;0.4;1.5;0.241;0.336;0.5;0.7;0.769;1.3;1.7;2.9;0.3;0.3;0.3;0.3;1.3;2.9
411;Semi Ojeleye;PF;27;LAC;1;0;4;0;2;0;0;1;0;0;1;0;0;0;0;0;0;0;0;0;0;0;2;0;0
412;Chuma Okeke;PF;23;ORL;49;10;23.9;3;7.9;0.381;1.5;4.8;0.308;1.5;3.1;0.493;0.474;0.7;0.9;0.837;0.7;4;4.7;1.6;1.4;0.6;0.8;1.3;8.2
413;Josh Okogie;SG;23;MIN;33;6;12.4;0.8;2.3;0.347;0.3;1.1;0.278;0.5;1.2;0.41;0.413;0.7;1.1;0.622;0.8;1.1;1.8;0.5;0.5;0.3;0.5;1.2;2.6
414;Onyeka Okongwu;C;21;ATL;26;6;21.5;3.5;4.9;0.719;0;0;0;3.5;4.9;0.719;0.719;1.6;2.2;0.732;2.2;3.3;5.5;1.1;0.7;1.4;1.2;3.2;8.7
415;Isaac Okoro;SF;21;CLE;43;37;28.8;3.2;6.8;0.464;0.8;2.7;0.316;2.3;4.2;0.559;0.526;1.8;2.3;0.778;1;2.1;3.1;1.9;0.8;0.3;1;2.6;9
416;KZ Okpala;PF;22;MIA;21;0;11.6;1.4;3.3;0.435;0.4;1.2;0.346;1;2;0.488;0.5;0.4;0.5;0.727;0.5;1.4;2;0.7;0.2;0.3;0.2;1.2;3.7
417;Cameron Oliver;SF;25;ATL;2;0;21.5;5;7.5;0.667;0.5;1.5;0.333;4.5;6;0.75;0.7;1;1.5;0.667;1;2;3;1.5;0.5;0.5;0;2.5;11.5
418;Kelly Olynyk;C;30;DET;21;1;20;3.5;8.6;0.403;1;3.5;0.297;2.4;5.1;0.477;0.464;1.7;2.4;0.686;1.6;3.3;4.9;2.8;0.9;0.5;1.7;2.4;9.7
419;Eugene Omoruyi;SF;24;DAL;4;0;4.5;0.5;1.3;0.4;0.3;0.5;0.5;0.3;0.8;0.333;0.5;0.5;1;0.5;0.5;1.3;1.8;0.5;0;0;0;0.5;1.8
420;Miye Oni;SG;24;UTA;16;0;2.8;0.1;0.6;0.222;0.1;0.5;0.125;0.1;0.1;1;0.278;0;0.1;0;0.1;0.4;0.4;0.3;0;0;0.1;0.4;0.3
421;Cedi Osman;SF;26;CLE;46;3;23;3.8;9.1;0.42;2;5.7;0.356;1.8;3.4;0.526;0.531;1.2;1.9;0.64;0.4;1.9;2.3;2;0.9;0.2;0.9;1.9;10.8
422;Daniel Oturu;C;22;TOR;3;0;9;1;2;0.5;0;0.3;0;1;1.7;0.6;0.5;1;1.7;0.6;0.3;1.3;1.7;0;0;0.7;0;0.3;3
423;Kelly Oubre Jr.;SF;26;CHO;53;13;28.3;5.9;13.5;0.437;2.7;7.9;0.34;3.2;5.6;0.574;0.536;1.8;2.5;0.689;1.2;3;4.1;1.2;1.2;0.4;1;2.6;16.2
424;Jaysean Paige;PG;27;DET;1;0;7;0;3;0;0;2;0;0;1;0;0;0;0;0;0;1;1;1;0;0;1;2;0
425;Trayvon Palmer;SG;27;DET;1;0;17;0;1;0;0;0;0;0;1;0;0;0;0;0;0;2;2;0;0;0;1;2;0
426;Kevin Pangos;PG;29;CLE;24;3;6.9;0.6;1.9;0.326;0.3;1.1;0.231;0.4;0.8;0.45;0.391;0.1;0.2;0.75;0.1;0.4;0.5;1.3;0.1;0;0.3;0.5;1.6
427;Jabari Parker;PF;26;BOS;12;0;9.3;1.5;3.2;0.474;0.7;1.3;0.5;0.8;1.8;0.455;0.579;0.8;0.8;1;0.4;1.9;2.3;0.5;0.3;0.1;0.7;1.1;4.4
428;Eric Paschall;PF;25;UTA;44;1;13.3;2;4.1;0.486;0.8;2;0.378;1.2;2;0.596;0.581;1.1;1.5;0.758;0.6;1.5;2.1;0.6;0.2;0.1;0.6;1;5.9
429;Chris Paul;PG;36;PHO;58;58;33;5.6;11.5;0.487;1;3.1;0.33;4.6;8.4;0.546;0.532;2.7;3.2;0.843;0.3;4.2;4.5;10.7;1.9;0.3;2.4;2;14.9
430;Cameron Payne;PG;27;PHO;40;0;20.4;4;9.8;0.404;1.1;3.4;0.336;2.8;6.4;0.44;0.462;1.4;1.7;0.864;0.4;2.4;2.8;3.6;0.6;0.3;1.8;1.9;10.5
431;Elfrid Payton;PG;27;PHO;38;0;11.7;1.5;3.7;0.394;0.1;0.4;0.286;1.4;3.4;0.406;0.408;0.3;0.7;0.393;0.5;1.5;2;2.2;0.5;0.1;1;0.9;3.3
432;Gary Payton II;PG;29;GSW;56;10;16.6;2.8;4.6;0.619;0.6;1.7;0.362;2.2;2.9;0.767;0.685;0.5;0.9;0.58;1;2.5;3.5;0.8;1.4;0.3;0.5;1.6;6.8
433;Norvel Pelle;C;28;UTA;3;0;6.3;1;1.7;0.6;0;0;0;1;1.7;0.6;0.6;0;0;0;1;1;2;0;0;0.3;0.7;0.3;2
434;Reggie Perry;PF;21;TOT;3;0;17;1.7;3.3;0.5;0.3;0.7;0.5;1.3;2.7;0.5;0.55;0.7;0.7;1;0.7;2;2.7;0.7;0.3;0;0.3;3;4.3
434;Reggie Perry;PF;21;POR;2;0;20.5;2;4.5;0.444;0.5;1;0.5;1.5;3.5;0.429;0.5;1;1;1;1;2.5;3.5;1;0.5;0;0.5;3;5.5
434;Reggie Perry;PF;21;IND;1;0;10;1;1;1;0;0;0;1;1;1;1;0;0;0;0;1;1;0;0;0;0;3;2
435;Jamorko Pickett;PF;24;DET;6;0;7.8;0.2;1.7;0.1;0.2;1.2;0.143;0;0.5;0;0.15;0;0;0;0.3;1.2;1.5;0.2;0;0.2;0.5;0.5;0.5
436;Theo Pinson;SF;26;DAL;16;0;7.5;0.6;2;0.281;0.4;1.6;0.24;0.2;0.4;0.429;0.375;0.3;0.3;1;0.1;1.1;1.2;0.8;0.3;0.1;0.1;0.6;1.8
437;Mason Plumlee;C;31;CHO;50;50;25.7;3;4.7;0.634;0;0;0;3;4.7;0.639;0.634;0.8;2.3;0.368;2.6;5.5;8.1;3.1;0.9;0.6;1.4;3.1;6.8
438;Jakob Poeltl;C;26;SAS;49;48;28.9;5.9;9.6;0.614;0;0;1;5.9;9.6;0.614;0.615;1.2;2.7;0.466;3.9;5.3;9.2;2.8;0.7;1.8;1.6;3;13.1
439;Aleksej Pokusevski;PF;20;OKC;42;2;16.6;2.3;5.9;0.386;0.7;2.6;0.273;1.5;3.2;0.478;0.447;0.2;0.4;0.563;1;3.4;4.3;1.2;0.5;0.6;1.2;1.2;5.5
440;Yves Pons;SF;22;MEM;7;0;3.1;0.1;0.4;0.333;0.1;0.1;1;0;0.3;0;0.5;0;0.3;0;0.3;0.4;0.7;0;0;0;0;0.3;0.4
441;Jordan Poole;SG;22;GSW;53;35;28.8;5.6;12.7;0.438;2.3;6.9;0.338;3.2;5.8;0.559;0.53;2.9;3.1;0.922;0.5;2.7;3.1;3.5;0.8;0.3;2.3;2.6;16.4
442;Kevin Porter Jr.;PG;21;HOU;39;39;30.1;4.7;11.8;0.399;2.3;6;0.38;2.4;5.8;0.419;0.496;2;3.3;0.606;0.7;3.2;3.9;6.2;1.2;0.3;3.5;2.5;13.7
443;Michael Porter Jr.;SF;23;DEN;9;9;29.4;4.1;11.4;0.359;1.1;5.3;0.208;3;6.1;0.491;0.408;0.6;1;0.556;1;5.6;6.6;1.9;1.1;0.2;1.3;1.8;9.9
444;Otto Porter Jr.;PF;28;GSW;48;13;21.5;3.2;6.7;0.472;1.5;3.7;0.391;1.7;3;0.573;0.581;0.6;0.8;0.757;1.1;4.2;5.3;1.5;1.1;0.5;0.5;1.4;8.4
445;Bobby Portis;C;26;MIL;50;45;28.8;6;12.5;0.482;1.9;4.7;0.41;4.1;7.8;0.526;0.559;1.3;1.8;0.753;2.6;6.6;9.2;1.3;0.8;0.8;1.5;2.6;15.3
446;Kristaps Porzi??is;PF;26;DAL;34;34;29.5;6.7;14.9;0.451;1.4;5.1;0.283;5.3;9.9;0.537;0.499;4.3;5;0.865;1.9;5.8;7.7;2;0.7;1.7;1.6;2.6;19.2
447;Micah Potter;C;23;DET;3;0;10.3;1.7;3.7;0.455;0;0.7;0;1.7;3;0.556;0.455;0.7;0.7;1;1.3;1.7;3;0;0.3;0.3;0.3;1.3;4
448;Dwight Powell;C;30;DAL;58;47;20.5;2.8;4.3;0.648;0.2;0.5;0.387;2.6;3.7;0.685;0.672;1.6;2.2;0.746;2;2.4;4.4;1.1;0.5;0.4;0.8;2.5;7.3
449;Myles Powell;PG;24;PHI;11;0;4.7;0.5;1.5;0.294;0.1;0.5;0.167;0.4;1;0.364;0.324;0.2;0.2;1;0.1;0.5;0.5;0.3;0.1;0;0.3;0.7;1.2
450;Norman Powell;SF-SG;28;TOT;43;41;32.9;6.2;13.6;0.457;2.3;5.7;0.407;3.9;7.9;0.493;0.542;4.1;5.1;0.807;0.5;2.8;3.3;2.2;1;0.4;1.6;2.3;18.8
450;Norman Powell;SF;28;POR;40;39;33.3;6.2;13.6;0.456;2.3;5.7;0.406;3.9;7.8;0.492;0.542;4;5;0.803;0.4;2.9;3.3;2.1;1;0.4;1.6;2.3;18.7
450;Norman Powell;SG;28;LAC;3;2;26.7;6.7;14;0.476;2;4.7;0.429;4.7;9.3;0.5;0.548;5.7;6.7;0.85;1;2;3;4;0.7;0.7;1.7;2.7;21
451;Joshua Primo;SG;19;SAS;30;4;15.9;1.7;4.7;0.369;0.8;2.5;0.32;0.9;2.2;0.424;0.454;0.6;0.8;0.76;0.6;1.1;1.7;1.4;0.4;0.5;0.9;1.2;4.9
452;Taurean Prince;PF;27;MIN;47;8;15.3;2;4.5;0.455;1.1;2.7;0.391;1;1.8;0.554;0.573;0.6;0.8;0.757;0.4;2;2.3;0.9;0.6;0.3;0.7;1.4;5.7
453;Payton Pritchard;SG;24;BOS;49;2;12.3;1.7;4.5;0.378;1;2.7;0.361;0.7;1.8;0.404;0.486;0.3;0.3;1;0.3;1.3;1.6;1.7;0.2;0.1;0.7;0.9;4.7
454;Trevelin Queen;SG;24;HOU;8;0;8.6;1.6;3.6;0.448;1;2.8;0.364;0.6;0.9;0.714;0.586;0.4;0.4;1;0.6;1.1;1.8;0.4;0.6;0;0.9;0.8;4.6
455;Neemias Queta;C;22;SAC;10;0;5.6;0.9;2.3;0.391;0;0;0;0.9;2.3;0.391;0.391;0.3;0.5;0.6;1.1;0.8;1.9;0.4;0.1;0.4;0.4;1.1;2.1
456;Immanuel Quickley;PG;22;NYK;55;2;21.3;3.1;8.5;0.368;1.6;4.9;0.328;1.5;3.6;0.421;0.462;1.5;1.7;0.914;0.4;1.9;2.3;3;0.6;0.1;1.3;2.2;9.4
457;Jahmi'us Ramsey;SG;20;SAC;19;0;7.1;1.3;3.1;0.414;0.3;0.9;0.278;1;2.1;0.475;0.457;0.4;0.7;0.5;0.2;0.5;0.7;0.4;0.1;0.1;0.3;0.5;3.2
458;Julius Randle;PF;27;NYK;57;57;35.7;7.1;16.9;0.421;1.6;5.3;0.306;5.5;11.6;0.474;0.469;3.9;5.2;0.765;1.8;8.4;10.2;5.2;0.8;0.6;3.5;2.8;19.8
459;Austin Reaves;SG;23;LAL;39;0;21.3;2.1;4.3;0.488;0.8;2.4;0.326;1.3;1.9;0.699;0.58;1.2;1.4;0.821;0.6;2.1;2.6;1.3;0.3;0.3;0.5;1.4;6.2
460;Cam Reddish;SF;22;TOT;43;7;21;3.5;8.8;0.395;1.4;3.9;0.361;2;4.8;0.423;0.476;2.1;2.3;0.911;0.5;1.7;2.1;1;1;0.3;1.2;1.1;10.5
460;Cam Reddish;SF;22;ATL;34;7;23.4;4.1;10.1;0.402;1.7;4.5;0.379;2.4;5.6;0.421;0.487;2.1;2.4;0.9;0.6;1.9;2.5;1.1;1;0.3;1.3;1.3;11.9
460;Cam Reddish;SF;22;NYK;9;0;11.6;1.2;3.8;0.324;0.3;1.8;0.188;0.9;2;0.444;0.368;2.2;2.3;0.952;0.1;0.8;0.9;0.4;0.8;0.2;0.7;0.4;5
461;Davon Reed;SG;26;DEN;29;3;13.8;1.6;3.3;0.474;0.8;1.8;0.434;0.8;1.4;0.524;0.595;0.1;0.2;0.8;0.3;2.2;2.5;1;0.6;0.1;0.3;1.4;4
462;Paul Reed;C;22;PHI;24;2;9.5;1.1;2.5;0.45;0;0.2;0;1.1;2.3;0.482;0.45;0.2;0.4;0.4;1.3;1.4;2.7;0.4;0.8;0.5;0.3;1.5;2.4
463;Naz Reid;C;22;MIN;56;5;15.9;2.9;6.3;0.469;0.8;2.1;0.35;2.2;4.1;0.53;0.528;1.5;2;0.739;1.4;2.5;3.9;0.9;0.4;1;1;2.1;8.1
464;Nick Richards;C;24;CHO;41;5;8.4;1.3;2;0.679;0;0;0;1.3;2;0.679;0.679;0.7;1;0.732;0.7;1.2;2;0.3;0.2;0.5;0.5;1.2;3.4
465;Josh Richardson;SG;28;TOT;45;0;24.5;3.4;7.7;0.441;1.4;3.5;0.399;2;4.2;0.476;0.532;1.4;1.6;0.859;0.6;2.2;2.8;1.5;0.8;0.5;0.9;1.8;9.6
465;Josh Richardson;SG;28;BOS;44;0;24.7;3.5;7.8;0.443;1.4;3.5;0.397;2;4.3;0.481;0.534;1.4;1.6;0.859;0.6;2.3;2.8;1.5;0.8;0.5;0.9;1.9;9.7
465;Josh Richardson;SG;28;SAS;1;0;14;1;4;0.25;1;2;0.5;0;2;0;0.375;0;0;0;0;0;0;2;0;1;0;0;3
466;Austin Rivers;SG;29;DEN;44;13;21;2.2;5.3;0.413;1.2;3.5;0.346;1;1.9;0.537;0.526;0.4;0.6;0.704;0.3;1.3;1.7;1.1;0.7;0.1;0.9;1.6;6
467;Duncan Robinson;SG;27;MIA;55;50;27.2;3.9;10;0.396;3;8.4;0.361;0.9;1.6;0.58;0.547;0.7;0.8;0.822;0.4;2.6;3;1.5;0.6;0.2;0.9;2.6;11.6
468;Justin Robinson;PG;24;TOT;25;0;12.2;1.1;3.7;0.301;0.7;2.4;0.295;0.4;1.3;0.313;0.398;0.2;0.3;0.5;0.2;0.7;0.8;1.3;0.4;0;0.7;1.1;3.1
468;Justin Robinson;PG;24;MIL;17;0;11.6;1.1;3.4;0.316;0.6;2.2;0.27;0.5;1.2;0.4;0.404;0.1;0.1;1;0.1;0.6;0.8;1.2;0.5;0;0.6;1;2.8
468;Justin Robinson;PG;24;SAC;3;0;5;0.3;2.7;0.125;0;1;0;0.3;1.7;0.2;0.125;0;0;0;0;0.3;0.3;0.7;0;0;0.3;0.7;0.7
468;Justin Robinson;PG;24;DET;5;0;18.2;1.8;5.6;0.321;1.6;4.2;0.381;0.2;1.4;0.143;0.464;0.4;1.2;0.333;0.4;1;1.4;1.8;0.2;0.2;1;1.6;5.6
469;Mitchell Robinson;C;23;NYK;53;44;25.4;3.6;4.7;0.762;0;0;0;3.6;4.7;0.762;0.762;1.3;2.5;0.519;3.9;4.9;8.7;0.4;0.6;1.7;0.8;2.7;8.4
470;Jeremiah Robinson-Earl;C;21;OKC;44;36;23;2.7;6.6;0.401;1.1;3.4;0.333;1.5;3.2;0.472;0.486;0.7;1;0.714;1.6;4.2;5.8;1;0.6;0.3;0.8;1.7;7.1
471;Isaiah Roby;PF;23;OKC;22;8;15.1;2.8;5.4;0.513;0.6;1.5;0.406;2.2;4;0.552;0.567;0.8;1.2;0.667;1.4;2.3;3.7;0.7;0.6;0.5;0.8;1.9;7
472;Rajon Rondo;PG;35;TOT;31;0;18.3;1.7;4.8;0.365;0.7;2.3;0.324;1;2.5;0.403;0.443;0.5;0.7;0.81;0.4;2.6;3;4.1;0.8;0.2;1.8;1.5;4.8
472;Rajon Rondo;PG;35;LAL;18;0;16.1;1.3;3.9;0.324;0.4;1.7;0.267;0.8;2.3;0.366;0.38;0.1;0.1;0.5;0.6;2.2;2.7;3.7;0.7;0.3;1.9;1.4;3.1
472;Rajon Rondo;PG;35;CLE;13;0;21.4;2.4;5.9;0.403;1.2;3.2;0.366;1.2;2.8;0.444;0.5;1.2;1.5;0.842;0.2;3.2;3.5;4.7;1.1;0;1.7;1.5;7.2
473;Derrick Rose;PG;33;NYK;26;4;24.5;4.7;10.5;0.445;1.4;3.5;0.402;3.3;7;0.467;0.513;1.2;1.2;0.968;0.8;2.2;3;4;0.8;0.5;1.5;0.6;12
474;Terrence Ross;SG;30;ORL;51;0;24.2;3.7;9;0.406;1.3;4.2;0.316;2.3;4.8;0.484;0.479;1.9;2.2;0.867;0.3;2.2;2.5;2;0.5;0.2;1.3;1.1;10.6
475;Terry Rozier;SG;27;CHO;50;50;33.7;6.9;16.1;0.43;3;8.3;0.361;3.9;7.8;0.503;0.523;2.1;2.5;0.819;0.8;3.6;4.3;4.3;1.1;0.4;1.3;1.6;19
476;Ricky Rubio;PG;31;CLE;34;8;28.5;4.4;12.1;0.363;1.7;5.1;0.339;2.6;7;0.38;0.434;2.6;3;0.854;0.4;3.7;4.1;6.6;1.4;0.2;2.6;2.2;13.1
477;D'Angelo Russell;PG;25;MIN;45;45;32.2;6.5;15.9;0.408;3;8.6;0.351;3.5;7.3;0.474;0.502;2.9;3.6;0.802;0.4;3.1;3.5;7;0.9;0.5;2.5;2.2;18.8
478;Domantas Sabonis;C-PF;25;TOT;51;50;34.5;7.1;12.3;0.579;0.7;2.2;0.315;6.4;10.1;0.636;0.607;3.9;5.3;0.739;3.3;8.7;12;5.1;1;0.5;3;3.1;18.8
478;Domantas Sabonis;C;25;IND;47;46;34.7;7;12.1;0.58;0.7;2.3;0.324;6.3;9.9;0.639;0.61;4.1;5.5;0.74;3.3;8.8;12.1;5;1;0.5;3;3.1;18.9
478;Domantas Sabonis;PF;25;SAC;4;4;32.3;7.8;13.5;0.574;0;0.8;0;7.8;12.8;0.608;0.574;1.8;2.5;0.7;3;8.5;11.5;5.5;1;0.3;3;3.3;17.3
479;Olivier Sarr;C;22;OKC;2;0;7;0.5;1.5;0.333;0;0.5;0;0.5;1;0.5;0.333;1;1;1;0;2.5;2.5;0;0;1;0;0.5;2
480;Tomá Satoransk?;SG;30;NOP;32;3;15;1;3.3;0.299;0.2;1;0.161;0.8;2.4;0.355;0.322;0.6;0.8;0.76;0.6;1.4;2;2.4;0.4;0;0.7;1;2.8
481;Jordan Schakel;SG;23;WAS;2;0;7;0;3;0;0;1.5;0;0;1.5;0;0;0;0;0;1;0.5;1.5;0;0;0;0;0;0
482;Admiral Schofield;SF;24;ORL;24;1;11.3;1.3;2.8;0.471;0.6;1.7;0.341;0.8;1.1;0.667;0.574;0.2;0.3;0.714;0.4;1.7;2;0.7;0.1;0.2;0.5;1.3;3.5
483;Dennis Schröder;SG-PG;28;TOT;51;26;29.2;5.2;11.9;0.439;1.4;3.9;0.345;3.9;8;0.485;0.496;2.5;3;0.85;0.6;2.8;3.4;4.4;0.8;0.1;2.2;2.4;14.3
483;Dennis Schröder;SG;28;BOS;49;25;29.2;5.2;11.9;0.44;1.4;3.9;0.349;3.9;8;0.485;0.497;2.5;3;0.848;0.6;2.8;3.3;4.2;0.8;0.1;2.1;2.4;14.4
483;Dennis Schröder;PG;28;HOU;2;1;28.5;4.5;11;0.409;1;4;0.25;3.5;7;0.5;0.455;3.5;4;0.875;1;3.5;4.5;7;1;0.5;3.5;3.5;13.5
484;Tre Scott;SF;25;CLE;2;0;5.5;1.5;3;0.5;0;0.5;0;1.5;2.5;0.6;0.5;0;0;0;0.5;0.5;1;0;0.5;0.5;0;1;3
485;Jay Scrubb;SG;21;LAC;18;0;6.7;1;2.6;0.391;0.3;1.2;0.286;0.7;1.4;0.48;0.457;0.4;0.6;0.7;0.1;0.8;0.9;0.4;0.2;0.2;0.4;0.5;2.7
486;Wayne Selden;SG;27;NYK;3;0;6.3;0.3;1.3;0.25;0.3;0.7;0.5;0;0.7;0;0.375;0.7;1.3;0.5;0;0.3;0.3;0.3;0;0;0;0.3;1.7
487;Alperen Þengün;C;19;HOU;49;5;18.8;3.1;6.4;0.483;0.4;1.3;0.281;2.7;5.1;0.534;0.511;2.3;3.2;0.698;1.7;3.1;4.8;2.5;0.8;0.9;2;2.9;8.8
488;Collin Sexton;SG;23;CLE;11;11;28.7;6.2;13.7;0.45;1;4.1;0.244;5.2;9.6;0.538;0.487;2.6;3.5;0.744;1.2;2.1;3.3;2.1;0.9;0;2.8;2.3;16
489;Landry Shamet;SG;24;PHO;45;7;19.8;2.4;6.4;0.37;1.6;4.5;0.353;0.8;2;0.409;0.493;1;1.2;0.852;0.2;1.7;1.9;1.6;0.5;0.1;0.5;1.2;7.4
490;Day'Ron Sharpe;PF;20;BRK;29;8;12.8;2.8;4.8;0.571;0;0.1;0.25;2.7;4.7;0.581;0.575;0.7;1.3;0.568;2.7;2.6;5.2;0.5;0.3;0.5;1;2.1;6.3
491;Pascal Siakam;PF;27;TOR;44;44;37.8;8.5;17.1;0.495;1.1;3.1;0.348;7.4;14;0.528;0.527;3.9;5.3;0.738;2.1;6.6;8.7;5.2;1.3;0.7;2.8;3.5;21.9
492;Chris Silva;PF;25;TOT;10;0;9.1;0.8;1.5;0.533;0;0;0;0.8;1.5;0.533;0.533;1;1.2;0.833;1.3;2.3;3.6;0.7;0;0.1;0.8;2;2.6
492;Chris Silva;PF;25;MIN;1;0;3;0;0;0;0;0;0;0;0;0;0;0;0;0;0;1;1;0;0;0;0;0;0
492;Chris Silva;PF;25;MIA;9;0;9.8;0.9;1.7;0.533;0;0;0;0.9;1.7;0.533;0.533;1.1;1.3;0.833;1.4;2.4;3.9;0.8;0;0.1;0.9;2.2;2.9
493;Marko Simonovic;C;22;CHI;9;0;3.9;0.4;1.7;0.267;0.1;0.6;0.2;0.3;1.1;0.3;0.3;0.9;1.2;0.727;0.6;0.6;1.1;0;0.1;0.1;0.2;0.7;1.9
494;Anfernee Simons;SG;22;POR;53;26;29.3;6.2;13.8;0.447;3.1;7.6;0.4;3.1;6.1;0.505;0.558;1.6;1.8;0.885;0.5;2.2;2.7;3.9;0.5;0.1;1.9;1.9;17
495;Jericho Sims;PF;23;NYK;18;0;6.5;0.4;0.6;0.727;0;0;0;0.4;0.6;0.727;0.727;0.2;0.2;0.75;0.6;0.9;1.5;0.1;0.2;0.4;0.1;0.6;1.1
496;Deividas Sirvydis;SG;21;DET;3;0;9;0.3;3.3;0.1;0.3;2.3;0.143;0;1;0;0.15;0;0;0;0;2;2;0.3;1;0.3;0;1.3;1
497;Javonte Smart;PG;22;MIL;13;1;12.3;0.8;3.3;0.256;0.3;1.4;0.222;0.5;1.9;0.28;0.302;0.4;0.5;0.833;0.3;1.2;1.5;1.1;0.3;0.2;0.7;0.8;2.4
498;Marcus Smart;PG;27;BOS;50;50;32.7;4;9.8;0.411;1.5;4.8;0.311;2.5;5;0.506;0.487;2.2;2.8;0.783;0.6;3.3;3.9;5.3;1.8;0.3;2;2.4;11.7
499;Dennis Smith Jr.;PG;24;POR;37;4;17.2;2.1;5.1;0.418;0.2;0.7;0.222;2;4.4;0.451;0.434;1.1;1.7;0.656;0.5;1.8;2.4;3.6;1.2;0.3;1.4;1.4;5.6
500;Ish Smith;PG;33;TOT;40;1;14.3;2.2;5.2;0.411;0.3;0.7;0.407;1.9;4.6;0.412;0.438;0.3;0.5;0.632;0.4;1.3;1.6;2.8;0.6;0.3;1;1.1;4.9
500;Ish Smith;PG;33;CHO;37;1;13.8;2;5;0.395;0.3;0.7;0.4;1.7;4.3;0.394;0.422;0.3;0.5;0.632;0.3;1.2;1.5;2.6;0.5;0.3;1;0.9;4.5
500;Ish Smith;PG;33;WAS;3;0;20.3;4.3;8;0.542;0.3;0.7;0.5;4;7.3;0.545;0.563;0;0;0;1;1.3;2.3;5;1.3;0.3;1;2.7;9
501;Jalen Smith;PF;21;TOT;33;6;14.1;2.5;5.1;0.485;0.5;1.6;0.288;2;3.5;0.573;0.53;1.3;1.8;0.759;1.8;3.1;5;0.3;0.3;0.6;0.8;1.9;6.8
501;Jalen Smith;PF;21;PHO;29;4;13.2;2.2;4.7;0.46;0.3;1.3;0.231;1.9;3.4;0.551;0.493;1.4;1.8;0.769;1.9;2.9;4.8;0.2;0.2;0.6;0.8;1.8;6
501;Jalen Smith;PF;21;IND;4;2;21;4.8;8;0.594;1.5;3.3;0.462;3.3;4.8;0.684;0.688;1;1.5;0.667;1.5;4.8;6.3;1;0.8;0.8;1.3;2.8;12
502;Xavier Sneed;SF;24;MEM;2;0;4;0;1;0;0;1;0;0;0;0;0;0;0;0;0.5;0.5;1;0;0;0;0;1;0
503;Tony Snell;SG;30;TOT;40;10;14.3;1;2.7;0.38;0.7;2.1;0.325;0.4;0.6;0.56;0.505;0.1;0.1;1;0.3;1.6;1.9;0.5;0.2;0.2;0.4;1.2;2.8
503;Tony Snell;SG;30;POR;38;10;14.4;0.9;2.6;0.371;0.6;2;0.32;0.3;0.6;0.545;0.495;0.1;0.1;1;0.3;1.6;1.9;0.5;0.2;0.2;0.3;1.2;2.6
503;Tony Snell;SG;30;NOP;2;0;12.5;2.5;5.5;0.455;1.5;4;0.375;1;1.5;0.667;0.591;0;0;0;0;1;1;0.5;0.5;0;1.5;1.5;6.5
504;Jaden Springer;SG;19;PHI;2;0;3;0.5;0.5;1;0;0;0;0.5;0.5;1;1;0;0;0;0.5;0.5;1;0;0;1;0.5;0;1
505;Cassius Stanley;SG;22;DET;9;1;17.2;2.1;5.1;0.413;0.4;1.9;0.235;1.7;3.2;0.517;0.457;1.1;1.1;1;0.6;1.6;2.1;0.4;0.6;0.2;0.7;1.9;5.8
506;Nik Stauskas;SG;28;MIA;2;0;12;1.5;4;0.375;1;2;0.5;0.5;2;0.25;0.5;1.5;2;0.75;0.5;1;1.5;0.5;0;0;0;0.5;5.5
507;Lance Stephenson;SG-SF;31;TOT;30;1;18.1;3.3;7.1;0.458;0.5;2;0.246;2.8;5.1;0.542;0.493;1.3;1.7;0.8;0.3;2.7;3;3.7;0.5;0.1;1.6;1.9;8.4
507;Lance Stephenson;SF;31;ATL;6;0;11.7;0.8;2.2;0.385;0;0.5;0;0.8;1.7;0.5;0.385;0.2;0.3;0.5;0.2;2.3;2.5;1.8;0;0;0.7;1.3;1.8
507;Lance Stephenson;SG;31;IND;24;1;19.7;3.9;8.4;0.463;0.6;2.4;0.259;3.3;6;0.545;0.5;1.6;2;0.813;0.4;2.8;3.2;4.1;0.6;0.1;1.8;2;10
508;Lamar Stevens;PF;24;CLE;41;8;14.3;2;4.3;0.475;0.3;1.1;0.295;1.7;3.2;0.534;0.511;0.6;1;0.625;0.7;1.5;2.2;0.6;0.5;0.2;0.5;1.4;5
509;Isaiah Stewart;C;20;DET;50;50;26;3.6;7;0.523;0.1;0.5;0.125;3.6;6.5;0.552;0.527;1;1.4;0.667;3.1;5.4;8.4;1.1;0.3;1.1;1.3;2.9;8.3
510;Max Strus;SF;25;MIA;46;9;24;3.8;8.5;0.44;2.7;6.5;0.408;1.1;2;0.543;0.595;0.7;0.9;0.767;0.4;2.8;3.2;1.3;0.3;0.2;0.8;1.7;10.9
511;Jalen Suggs;PG;20;ORL;39;36;28.2;4.4;12;0.367;0.9;4.2;0.228;3.5;7.9;0.44;0.406;2.8;3.7;0.776;0.6;3.1;3.7;4.4;1.3;0.4;3;3;12.6
512;Craig Sword;SG;28;WAS;3;0;6.3;1;1.3;0.75;0;0.3;0;1;1;1;0.75;0;0;0;0;0;0;0.3;1.3;0;0.3;2.3;2
513;Keifer Sykes;PG;28;IND;20;10;19.3;2.5;6.8;0.36;1;3.3;0.308;1.5;3.6;0.408;0.434;0.6;0.7;0.857;0.4;1.5;1.8;2.2;0.4;0.2;1.3;1.9;6.5
514;Jae'Sean Tate;SF;26;HOU;55;54;27.4;4.9;9.7;0.504;0.7;2.6;0.287;4.1;7.1;0.583;0.542;2;2.8;0.714;1.7;3.9;5.6;3;1;0.6;1.9;3.7;12.5
515;Jayson Tatum;SF;23;BOS;56;56;36.1;8.9;20.6;0.434;2.8;8.4;0.329;6.2;12.2;0.505;0.5;5.1;6;0.848;1.2;7.2;8.4;4.2;1;0.7;2.9;2.3;25.7
516;Terry Taylor;SG;22;IND;13;2;19;4.2;7.1;0.598;0.3;0.7;0.444;3.9;6.4;0.614;0.62;0.8;1;0.769;3.4;3.5;6.8;1.5;0.2;0.2;0.4;1.9;9.5
517;Garrett Temple;SG;35;NOP;54;16;19.2;1.9;5.1;0.379;1;3.2;0.32;0.9;1.9;0.476;0.478;0.5;0.7;0.718;0.5;2;2.5;1.3;0.7;0.4;0.7;1.5;5.4
518;Emanuel Terry;PF;25;PHO;3;0;6;0;1.7;0;0;0;0;0;1.7;0;0;0;0;0;2.7;2.3;5;0.7;0.3;0;1.7;1.3;0
519;Tyrell Terry;PG;21;MEM;2;0;1.5;0.5;0.5;1;0;0;0;0.5;0.5;1;1;0;0;0;0;0;0;0;0;0;0;0.5;1
520;Jon Teske;C;24;MEM;3;0;2.7;0;0.3;0;0;0;0;0;0.3;0;0;0;0.7;0;0;0.7;0.7;0.3;0.3;0;0;0.3;0
521;Daniel Theis;C;29;TOT;28;21;22.1;3.1;6.5;0.481;0.9;2.9;0.3;2.3;3.7;0.621;0.546;1;1.4;0.675;1.1;3.9;5.1;0.8;0.5;0.8;1.1;2.4;8.1
521;Daniel Theis;C;29;HOU;26;21;22.5;3.2;6.9;0.469;0.9;3;0.291;2.3;3.8;0.61;0.534;1;1.5;0.675;1.2;3.8;5;0.8;0.4;0.7;1.2;2.4;8.4
521;Daniel Theis;C;29;BOS;2;0;18;2;2;1;0.5;0.5;1;1.5;1.5;1;1.125;0;0;0;0;6;6;1;1;2;0;3;4.5
522;Brodric Thomas;SG;25;BOS;8;0;5;0.4;1.4;0.273;0.1;0.9;0.143;0.3;0.5;0.5;0.318;0.3;0.3;1;0.3;0.5;0.8;0.6;0;0.1;0.5;0.6;1.1
523;Cam Thomas;SG;20;BRK;47;2;19.4;3.7;8.4;0.447;0.8;3;0.27;2.9;5.4;0.545;0.495;1.3;1.6;0.811;0.2;2.4;2.6;1.3;0.5;0.1;0.8;1;9.6
524;Isaiah Thomas;PG;32;TOT;5;1;22.8;3;9.4;0.319;1;5;0.2;2;4.4;0.455;0.372;1.6;2.2;0.727;0.2;1.4;1.6;2;0;0.4;1;2.4;8.6
524;Isaiah Thomas;PG;32;LAL;4;1;25.3;3;9.8;0.308;1.3;5.5;0.227;1.8;4.3;0.412;0.372;2;2.8;0.727;0.3;1.8;2;1.5;0;0.5;1.3;3;9.3
524;Isaiah Thomas;PG;32;DAL;1;0;13;3;8;0.375;0;3;0;3;5;0.6;0.375;0;0;0;0;0;0;4;0;0;0;0;6
525;Matt Thomas;SG;27;CHI;35;0;12.8;1.4;3.6;0.397;0.9;2.5;0.384;0.5;1.1;0.425;0.528;0.5;0.6;0.8;0.1;1.3;1.4;0.6;0.2;0.1;0.2;0.5;4.3
526;Klay Thompson;SG;31;GSW;16;16;25.3;6.2;14.8;0.418;2.9;7.7;0.374;3.3;7.1;0.465;0.515;1.8;1.9;0.935;0.4;3.4;3.8;3.1;0.6;0.4;1.4;1.5;17.1
527;Tristan Thompson;PF;30;TOT;34;3;15.3;2.6;5.1;0.509;0;0;1;2.6;5.1;0.506;0.511;1;2;0.515;2.3;2.9;5.3;0.6;0.3;0.4;1;1.7;6.3
527;Tristan Thompson;PF;30;SAC;30;3;15.2;2.5;5;0.503;0;0;1;2.5;5;0.5;0.507;1.1;2;0.533;2.4;3;5.4;0.6;0.4;0.4;1;1.7;6.2
527;Tristan Thompson;PF;30;IND;4;0;16.5;3.3;6;0.542;0;0;0;3.3;6;0.542;0.542;0.8;2;0.375;1.8;2.8;4.5;0.5;0;0.5;1;1.8;7.3
528;JT Thor;PF;19;CHO;18;0;8.6;0.9;2.2;0.41;0.3;1.2;0.273;0.6;0.9;0.588;0.487;0.4;0.7;0.667;0.4;1;1.4;0.6;0.3;0.4;0.3;1;2.6
529;Matisse Thybulle;SG;24;PHI;42;27;26.6;2.3;4.7;0.492;0.7;2.5;0.288;1.6;2.3;0.716;0.568;0.4;0.5;0.696;0.5;1.7;2.3;1.2;1.8;1.1;0.6;2.3;5.8
530;Killian Tillie;C;23;MEM;32;3;13.3;1.3;3.6;0.362;0.8;2.4;0.338;0.5;1.2;0.41;0.474;0.2;0.3;0.625;0.6;1.1;1.7;0.6;0.7;0.4;0.3;1.7;3.6
531;Xavier Tillman Sr.;PF;23;MEM;39;0;13.1;1.8;3.9;0.451;0.2;0.9;0.2;1.6;3;0.525;0.474;0.8;1.2;0.646;1.2;1.8;3;1;1.1;0.4;0.7;1.3;4.5
532;Isaiah Todd;PF;20;WAS;10;0;4.1;0.5;1.7;0.294;0.4;1.1;0.364;0.1;0.6;0.167;0.412;0.2;0.6;0.333;0.2;0.8;1;0.3;0.2;0.2;0.1;0.1;1.6
533;Obi Toppin;PF;23;NYK;54;2;15.1;2.8;5.6;0.51;0.4;1.7;0.226;2.4;3.8;0.638;0.545;1.2;1.6;0.75;0.9;2.6;3.6;0.9;0.3;0.4;0.8;1.4;7.3
534;Juan Toscano-Anderson;SF;28;GSW;56;5;14.5;1.8;3.6;0.49;0.4;1.3;0.301;1.4;2.3;0.597;0.545;0.6;1;0.596;0.5;2.2;2.6;1.9;0.7;0.3;1.1;1.6;4.5
535;Karl-Anthony Towns;C;26;MIN;52;52;34.3;8.7;16.7;0.522;2.1;5.2;0.409;6.6;11.5;0.574;0.586;4.9;5.9;0.819;2.8;6.9;9.7;4;1;1.1;3.3;3.6;24.4
536;Gary Trent Jr.;SG;23;TOR;48;47;34.9;6.7;15.7;0.43;3.2;8;0.397;3.5;7.6;0.463;0.531;1.9;2.4;0.814;0.3;2.4;2.7;1.9;1.9;0.3;1;2.1;18.6
537;P.J. Tucker;PF;36;MIA;51;50;28.3;3.1;6.3;0.495;1.4;3.1;0.455;1.7;3.2;0.533;0.606;0.7;1;0.712;1.4;4;5.5;2.1;0.8;0.2;1;2.4;8.4
538;Rayjon Tucker;SG;24;DEN;3;0;9.7;0.3;0.7;0.5;0.3;0.7;0.5;0;0;0;0.75;1;1.3;0.75;0.3;1;1.3;1.3;0.3;0;0;1;2
539;Myles Turner;C;25;IND;42;42;29.4;4.8;9.4;0.509;1.5;4.4;0.333;3.3;5;0.662;0.587;1.9;2.5;0.752;1.5;5.5;7.1;1;0.7;2.8;1.3;2.8;12.9
540;Jonas Valan?i?nas;C;29;NOP;52;52;31.2;6.9;12.8;0.537;0.9;2.3;0.392;6;10.5;0.569;0.572;3.3;4.1;0.825;3.2;8.2;11.4;2.6;0.5;0.9;2.5;3.3;18
541;Denzel Valentine;SG;28;TOT;24;0;9.3;1;2.8;0.379;0.8;2;0.404;0.3;0.8;0.316;0.523;0;0;0;0.4;1.4;1.8;0.5;0.3;0;0.5;0.8;2.9
541;Denzel Valentine;SG;28;CLE;22;0;9.3;1;2.8;0.371;0.8;2;0.409;0.2;0.8;0.278;0.516;0;0;0;0.4;1.3;1.7;0.5;0.3;0;0.5;0.8;2.9
541;Denzel Valentine;SG;28;UTA;2;0;9;1;2;0.5;0.5;1.5;0.333;0.5;0.5;1;0.625;0;0;0;0;2;2;0;0.5;0;1;1.5;2.5
542;Jarred Vanderbilt;PF;22;MIN;54;47;26;3;5;0.596;0;0.2;0.182;3;4.8;0.613;0.599;1.1;1.7;0.656;3.1;5.7;8.8;1.4;1.5;0.7;1;2.5;7.2
543;Fred VanVleet;PG;27;TOR;50;50;38.4;7.3;17.3;0.419;4;10;0.401;3.2;7.3;0.443;0.535;3.1;3.5;0.874;0.8;3.8;4.6;7;1.6;0.5;2.7;2.3;21.6
544;Devin Vassell;SF;21;SAS;51;12;25.7;4.5;10.3;0.434;1.7;5.1;0.345;2.7;5.2;0.521;0.519;0.9;1.1;0.804;0.5;3.7;4.2;1.7;1;0.6;0.7;2;11.5
545;Gabe Vincent;PG;25;MIA;49;19;24.2;3.3;7.8;0.424;1.9;4.9;0.379;1.5;2.9;0.5;0.543;0.8;0.9;0.822;0.4;1.7;2.1;3.3;1;0.2;1.6;2.5;9.3
546;Nikola Vu?evi?;C;31;CHI;52;52;33.9;7.7;16.2;0.474;1.5;4.8;0.317;6.2;11.4;0.541;0.522;1.3;1.7;0.756;2;9.7;11.7;3.6;1;1.2;1.9;2.5;18.2
547;Dean Wade;PF;25;CLE;43;25;19.3;2;4.3;0.462;1.1;2.9;0.376;0.9;1.4;0.639;0.589;0.4;0.6;0.63;0.7;2.5;3.1;1.2;0.6;0.1;0.4;1.7;5.5
548;Franz Wagner;SF;20;ORL;60;60;32;5.9;12.7;0.466;1.3;3.6;0.362;4.7;9.2;0.506;0.516;2.4;2.9;0.854;1.1;3.5;4.6;3;0.9;0.5;1.6;2.1;15.6
549;Moritz Wagner;C;24;ORL;45;0;12.5;2.6;5.3;0.5;0.9;2.8;0.331;1.7;2.5;0.684;0.586;1.4;1.8;0.797;0.5;2;2.4;1.1;0.3;0.2;0.7;1.8;7.6
550;Ish Wainright;PF;27;PHO;29;0;7.4;0.7;2;0.362;0.3;1.1;0.29;0.4;0.9;0.444;0.44;0.1;0.2;0.429;0.7;0.6;1.3;0.3;0.3;0.2;0.3;1.1;1.9
551;Kemba Walker;PG;31;NYK;37;37;25.6;4;10;0.403;2;5.4;0.367;2.1;4.6;0.444;0.501;1.6;1.9;0.845;0.4;2.6;3;3.5;0.7;0.2;1.3;1;11.6
552;Lonnie Walker IV;SG;23;SAS;54;6;22.8;4.2;10.6;0.395;1.4;4.7;0.294;2.8;5.8;0.476;0.461;1.5;1.8;0.808;0.3;2.3;2.6;2.3;0.6;0.3;1.1;1.4;11.2
553;M.J. Walker;SG;23;PHO;2;0;4;0;2;0;0;1;0;0;1;0;0;0;0;0;0;0.5;0.5;0.5;1;0;0;0.5;0
554;Derrick Walton;PG;26;DET;3;3;36;2;8.7;0.231;1;4.3;0.231;1;4.3;0.231;0.288;1.3;1.3;1;0.7;2.7;3.3;7;2.3;1.3;3.7;2.7;6.3
555;Brad Wanamaker;PG;32;TOT;23;2;13.9;1.2;3.3;0.364;0.2;0.7;0.235;1;2.6;0.4;0.39;1;1.1;0.92;0.3;1.4;1.7;2.4;0.3;0.3;1;2;3.6
555;Brad Wanamaker;PG;32;IND;22;1;13.3;1.2;3.3;0.361;0.2;0.8;0.235;1;2.5;0.4;0.389;0.9;1;0.909;0.3;1.3;1.6;2.2;0.2;0.3;1;1.9;3.5
555;Brad Wanamaker;PG;32;WAS;1;1;27;2;5;0.4;0;0;0;2;5;0.4;0.4;3;3;1;0;4;4;7;2;0;0;3;7
556;Duane Washington Jr.;PG;21;IND;28;7;19.8;3.3;8.6;0.378;1.5;4.4;0.341;1.8;4.2;0.415;0.465;0.8;1;0.759;0.1;1.8;1.8;1.9;0.5;0;1;1.4;8.8
557;P.J. Washington;PF;23;CHO;42;5;24.9;3.4;7.6;0.445;1.8;4.7;0.384;1.6;2.9;0.545;0.564;1;1.5;0.721;1.3;4.1;5.4;2;0.8;0.9;1.3;2.5;9.7
558;Yuta Watanabe;SF;27;TOR;25;4;14.6;1.7;4.2;0.396;0.8;2.4;0.356;0.8;1.9;0.447;0.495;0.7;1.2;0.567;0.6;2.3;2.9;0.6;0.3;0.5;0.6;1.3;4.9
559;Lindy Waters III;SG;24;OKC;3;0;4;0.7;1;0.667;0.3;0.7;0.5;0.3;0.3;1;0.833;0;0;0;0;0.3;0.3;0;0;0;0;0.7;1.7
560;Tremont Waters;PG;24;TOT;3;0;16.7;1.3;4.7;0.286;0.7;3;0.222;0.7;1.7;0.4;0.357;0;0;0;0;1.3;1.3;2.3;1.7;0;1.3;1.3;3.3
560;Tremont Waters;PG;24;TOR;2;0;21;1.5;6;0.25;1;4.5;0.222;0.5;1.5;0.333;0.333;0;0;0;0;2;2;3.5;2;0;2;1;4
560;Tremont Waters;PG;24;WAS;1;0;8;1;2;0.5;0;0;0;1;2;0.5;0.5;0;0;0;0;0;0;0;1;0;0;2;2
561;Trendon Watford;SF;21;POR;33;0;12.6;1.9;3.2;0.59;0;0.3;0.091;1.8;2.8;0.649;0.595;0.7;1.1;0.686;0.8;2.4;3.2;1.1;0.3;0.5;0.7;1.7;4.5
562;Paul Watson;SF;27;OKC;9;3;17.3;1.3;3.9;0.343;0.7;2.9;0.231;0.7;1;0.667;0.429;0.1;0.2;0.5;0.3;2.7;3;0.9;0.3;0.3;0.4;1.1;3.4
563;Quinndary Weatherspoon;SG;25;GSW;5;0;6.6;1.2;2;0.6;0;0.2;0;1.2;1.8;0.667;0.6;0.4;0.4;1;0.2;1;1.2;0.4;0.2;0.2;0.6;1.4;2.8
564;Russell Westbrook;PG;33;LAL;57;57;34.6;6.9;15.8;0.437;1;3.5;0.299;5.9;12.4;0.475;0.47;3.4;5.1;0.668;1.4;6.4;7.8;7.5;1;0.3;4;3;18.3
565;Coby White;PG;21;CHI;39;15;28.2;5;11;0.453;2.4;5.9;0.401;2.6;5.1;0.515;0.562;1.6;1.9;0.84;0.3;2.8;3.1;2.8;0.5;0.3;1.3;2.3;14
566;Derrick White;SG;27;TOT;53;49;30.3;4.9;11.6;0.423;1.6;5.4;0.306;3.3;6.2;0.523;0.493;2.8;3.2;0.86;0.5;3;3.6;5.5;1.1;0.9;1.8;2.4;14.2
566;Derrick White;SG;27;SAS;49;48;30.3;5;11.6;0.426;1.7;5.3;0.314;3.3;6.4;0.519;0.497;2.8;3.3;0.869;0.5;3;3.5;5.6;1;0.9;1.8;2.4;14.4
566;Derrick White;SG;27;BOS;4;1;30.3;4.3;11.3;0.378;1.5;6.5;0.231;2.8;4.8;0.579;0.444;2.3;3;0.75;1;3.3;4.3;3.8;1.8;1;1.5;3;12.3
567;Hassan Whiteside;C;32;UTA;46;7;18.5;3.5;5.5;0.63;0;0;0;3.5;5.5;0.63;0.63;1.7;2.6;0.653;2.5;5.3;7.8;0.4;0.3;1.5;0.9;3;8.7
568;Joe Wieskamp;SG;22;SAS;15;0;6.1;0.9;1.9;0.464;0.5;1.3;0.421;0.3;0.6;0.556;0.607;0.2;0.5;0.429;0.2;0.3;0.5;0.3;0.1;0.1;0.1;0.4;2.5
569;Aaron Wiggins;SG;23;OKC;34;20;22.4;2.6;5.7;0.464;0.8;2.6;0.307;1.9;3.1;0.594;0.534;1.1;1.5;0.706;0.9;2.5;3.4;1.1;0.7;0.2;0.8;2;7.1
570;Andrew Wiggins;SF;26;GSW;54;54;31.7;6.7;13.9;0.481;2.3;5.5;0.414;4.4;8.4;0.524;0.562;2.1;3.2;0.661;1;3.2;4.2;2.1;1;0.7;1.5;1.9;17.7
571;Lindell Wigginton;PG;23;MIL;9;0;9.8;1.6;2.8;0.56;0.8;1.4;0.538;0.8;1.3;0.583;0.7;0.8;1.2;0.636;0.1;1;1.1;0.8;0.3;0.1;0.7;0.9;4.7
572;Brandon Williams;PG;22;POR;2;0;6;1;1.5;0.667;0;0;0;1;1.5;0.667;0.667;2;3.5;0.571;0;1;1;1;0;0;0;0;4
573;Grant Williams;PF;23;BOS;55;15;23.2;2.5;5.2;0.49;1.6;3.5;0.446;1;1.7;0.581;0.64;0.8;0.9;0.898;0.8;2.5;3.2;1.1;0.5;0.7;0.7;2.3;7.5
574;Kenrich Williams;SF;27;OKC;49;0;21.9;3;6.5;0.461;0.8;2.5;0.339;2.1;4;0.536;0.525;0.6;1.1;0.545;1.5;3;4.5;2.2;0.9;0.2;0.9;1.7;7.4
575;Lou Williams;PG;35;ATL;40;0;14.7;2.4;6.1;0.397;0.8;2.1;0.357;1.7;4;0.418;0.459;1.3;1.4;0.893;0.3;1.3;1.6;2;0.5;0.1;0.8;0.9;6.8
576;Patrick Williams;PF;20;CHI;5;5;25;2.6;4.6;0.565;0.6;1.2;0.5;2;3.4;0.588;0.63;0.8;0.8;1;0.2;2;2.2;0.6;0.6;0.4;0.4;1.8;6.6
577;Robert Williams;C;24;BOS;47;47;30;4.4;6;0.732;0;0;0;4.4;6;0.735;0.732;1.1;1.6;0.693;3.9;5.8;9.7;2;0.9;2.2;1.2;2.1;10
578;Ziaire Williams;SF;20;MEM;40;19;21.5;2.9;6.5;0.441;1.1;3.7;0.284;1.8;2.8;0.646;0.521;0.5;0.6;0.76;0.3;1.5;1.8;0.9;0.6;0.2;0.6;2;7.3
579;D.J. Wilson;PF;25;TOR;3;1;16;2.7;3.7;0.727;0;0.7;0;2.7;3;0.889;0.727;2.7;3.3;0.8;0.3;4.3;4.7;1.3;1.7;0.3;0.7;1.7;8
580;Dylan Windler;SF;25;CLE;37;0;9.3;0.9;2.1;0.429;0.6;1.5;0.389;0.3;0.6;0.522;0.565;0.2;0.2;0.778;0.4;1.3;1.7;0.7;0.2;0.1;0.4;1;2.5
581;Justise Winslow;SF;25;TOT;43;6;15.5;2.1;4.7;0.451;0.3;1.2;0.22;1.9;3.6;0.526;0.478;0.8;1.2;0.623;0.9;3.2;4.1;1.7;0.7;0.5;1;1.3;5.3
581;Justise Winslow;SF;25;LAC;37;1;12.9;1.7;3.8;0.447;0.1;0.8;0.172;1.6;3;0.518;0.465;0.7;1.1;0.61;0.8;2.8;3.6;1.4;0.6;0.5;1;1.2;4.2
581;Justise Winslow;SF;25;POR;6;5;31.3;4.8;10.5;0.46;1;3.5;0.286;3.8;7;0.548;0.508;1.3;2;0.667;1.7;5.7;7.3;3.3;1.7;0.8;1.3;2;12
582;Cassius Winston;PG;23;WAS;4;0;5.8;0.8;1.5;0.5;0.5;1.3;0.4;0.3;0.3;1;0.667;0.5;0.5;1;0;0;0;1;0;0;0.3;1;2.5
583;Christian Wood;C;26;HOU;53;52;31;6.5;13.3;0.484;1.8;5;0.371;4.6;8.4;0.551;0.553;2.9;4.6;0.618;1.7;8.5;10.2;2.2;0.7;1;1.9;2.5;17.6
584;Robert Woodard II;SF;22;SAC;12;0;3.5;0.2;1.3;0.125;0.1;0.3;0.25;0.1;1;0.083;0.156;0.2;0.2;1;0.4;0.5;0.9;0.3;0.1;0.1;0.1;0.3;0.6
585;Delon Wright;SG;29;ATL;53;5;18.2;1.6;3.6;0.442;0.5;1.5;0.377;1;2.1;0.487;0.518;0.6;0.8;0.825;0.7;2.2;2.9;2.5;1;0.2;0.6;0.8;4.3
586;McKinley Wright IV;PG;23;MIN;3;0;3;0.7;1;0.667;0.3;0.7;0.5;0.3;0.3;1;0.833;0;0;0;0;0;0;0.3;0;0;0.3;0.3;1.7
587;Moses Wright;PF;23;LAC;1;0;1;0;0;0;0;0;0;0;0;0;0;0;0;0;0;0;0;1;0;0;0;0;0
588;Thaddeus Young;PF;33;TOT;28;1;14.4;2.9;5.1;0.57;0;0.3;0;2.9;4.8;0.6;0.57;0.4;0.8;0.435;1.6;2.1;3.6;2.2;0.9;0.3;1.2;1.5;6.1
588;Thaddeus Young;PF;33;SAS;26;1;14.2;2.8;4.9;0.578;0;0.2;0;2.8;4.7;0.602;0.578;0.4;0.8;0.455;1.5;2;3.6;2.3;0.9;0.3;1.2;1.5;6.1
588;Thaddeus Young;PF;33;TOR;2;0;16.5;3.5;7;0.5;0;1;0;3.5;6;0.583;0.5;0;0.5;0;2;2.5;4.5;1;1;0.5;1.5;1.5;7
589;Trae Young;PG;23;ATL;53;53;34.4;9.3;20.5;0.456;3;7.8;0.383;6.4;12.7;0.501;0.529;6.2;6.9;0.898;0.6;3.2;3.9;9.3;1;0.1;4.1;1.6;27.8
590;Omer Yurtseven;C;23;MIA;41;10;14.1;2.6;4.9;0.53;0;0.2;0.143;2.6;4.8;0.544;0.532;0.8;1.3;0.63;1.7;4.2;6;1;0.4;0.4;0.9;1.7;6.1
591;Cody Zeller;C;29;POR;27;0;13.1;1.9;3.3;0.567;0;0.1;0;1.9;3.2;0.593;0.567;1.4;1.8;0.776;1.9;2.8;4.6;0.8;0.3;0.2;0.7;2.1;5.2
592;Ivica Zubac;C;24;LAC;54;54;24.3;3.7;5.7;0.651;0;0;0;3.7;5.7;0.651;0.651;2.2;3.1;0.716;2.6;5.4;8;1.4;0.4;1;1.4;2.5;9.6
